0,14.0
1,1.0
2,0.0
3,12.0
4,6.0
5,0.0
6,26.0
7,1.0
8,0.0
9,0.0
10,7.0
11,4.0
12,0.0
13,0.0
14,1.0
15,7.0
16,6.0
17,1.0
18,0.0
19,4.0
20,33.0
21,33.0
22,0.0
23,3.0
24,1.0
25,25.0
26,3.0
27,15.0
28,67.0
29,2.0
30,2.0
31,1.0
32,7.0
33,55.0
34,0.0
35,3.0
36,7.0
37,0.0
38,1.0
39,4.0
40,13.0
41,5.0
42,19.0
43,0.0
44,1.0
45,28.0
46,56.0
47,0.0
48,14.0
49,0.0
50,0.0
51,0.0
52,24.0
53,210.0
54,210.0
55,5.0
56,0.0
57,0.0
58,16.0
59,0.0
60,0.0
61,0.0
62,0.0
63,6.0
64,0.0
65,16.0
66,26.0
67,8.0
68,0.0
69,0.0
70,0.0
71,3.0
72,6.0
73,6.0
74,21.0
75,12.0
76,1.0
77,1.0
78,0.0
79,11.0
80,0.0
81,1.0
82,0.0
83,2.0
84,5.0
85,11.0
86,0.0
87,23.0
88,10.0
89,7.0
90,9.0
91,0.0
92,4.0
93,4.0
94,2.0
95,0.0
96,3.0
97,0.0
98,5.0
99,22.0
100,22.0
101,1.0
102,2.0
103,0.0
104,15.0
105,14.0
106,14.0
107,14.0
108,14.0
109,11.0
110,0.0
111,0.0
112,1.0
113,1.0
114,1.0
115,1.0
116,0.0
117,0.0
118,22.0
119,0.0
120,0.0
121,15.0
122,3.0
123,7.0
124,3.0
125,6.0
126,37.0
127,1.0
128,1.0
129,1.0
130,0.0
131,0.0
132,0.0
133,0.0
134,0.0
135,0.0
136,0.0
137,1.0
138,0.0
139,1.0
140,5.0
141,3.0
142,56.0
143,30.0
144,0.0
145,0.0
146,0.0
147,7.0
148,10.0
149,5.0
150,1.0
151,0.0
152,4.0
153,0.0
154,0.0
155,0.0
156,1.0
157,0.0
158,1.0
159,0.0
160,4.0
161,1.0
162,5.0
163,13.0
164,13.0
165,12.0
166,0.0
167,1.0
168,1.0
169,1.0
170,6.0
171,1.0
172,8.0
173,8.0
174,1.0
175,1.0
176,1.0
177,11.0
178,1.0
179,36.0
180,1.0
181,6.0
182,25.0
183,0.0
184,16.0
185,16.0
186,16.0
187,16.0
188,24.0
189,0.0
190,1.0
191,22.0
192,12.0
193,12.0
194,12.0
195,12.0
196,12.0
197,12.0
198,17.0
199,0.0
200,0.0
201,0.0
202,36.0
203,0.0
204,0.0
205,0.0
206,0.0
207,16.0
208,7.0
209,21.0
210,0.0
211,4.0
212,0.0
213,0.0
214,0.0
215,10.0
216,0.0
217,0.0
218,0.0
219,18.0
220,1.0
221,2.0
222,0.0
223,0.0
224,0.0
225,0.0
226,0.0
227,0.0
228,0.0
229,0.0
230,1.0
231,1.0
232,4.0
233,0.0
234,1.0
235,4.0
236,37.0
237,24.0
238,0.0
239,0.0
240,0.0
241,0.0
242,9.0
243,32.0
244,55.0
245,0.0
246,0.0
247,2.0
248,20.0
249,10.0
250,1.0
251,2.0
252,0.0
253,5.0
254,5.0
255,4.0
256,4.0
257,0.0
258,6.0
259,10.0
260,4.0
261,0.0
262,0.0
263,5.0
264,1.0
265,0.0
266,5.0
267,5.0
268,0.0
269,5.0
270,7.0
271,10.0
272,5.0
273,15.0
274,13.0
275,0.0
276,15.0
277,0.0
278,14.0
279,29.0
280,29.0
281,29.0
282,29.0
283,29.0
284,29.0
285,29.0
286,29.0
287,29.0
288,29.0
289,2.0
290,1.0
291,6.0
292,5.0
293,3.0
294,34.0
295,10.0
296,0.0
297,0.0
298,0.0
299,1.0
300,0.0
301,0.0
302,0.0
303,1.0
304,0.0
305,8.0
306,0.0
307,0.0
308,0.0
309,16.0
310,15.0
311,1.0
312,1.0
313,1.0
314,0.0
315,4.0
316,8.0
317,0.0
318,1.0
319,0.0
320,0.0
321,1.0
322,2.0
323,0.0
324,0.0
325,0.0
326,1.0
327,3.0
328,15.0
329,40.0
330,0.0
331,10.0
332,0.0
333,4.0
334,4.0
335,1.0
336,4.0
337,0.0
338,2.0
339,1.0
340,1.0
341,6.0
342,15.0
343,0.0
344,0.0
345,38.0
346,1.0
347,18.0
348,26.0
349,0.0
350,1.0
351,0.0
352,7.0
353,20.0
354,0.0
355,3.0
356,3.0
357,3.0
358,2.0
359,60.0
360,60.0
361,1.0
362,0.0
363,8.0
364,8.0
365,4.0
366,4.0
367,3.0
368,2.0
369,17.0
370,23.0
371,0.0
372,37.0
373,0.0
374,18.0
375,0.0
376,5.0
377,0.0
378,5.0
379,7.0
380,12.0
381,11.0
382,3.0
383,1.0
384,1.0
385,8.0
386,2.0
387,17.0
388,17.0
389,1.0
390,5.0
391,0.0
392,18.0
393,18.0
394,1.0
395,9.0
396,0.0
397,2.0
398,3.0
399,24.0
400,3.0
401,0.0
402,2.0
403,1.0
404,1.0
405,3.0
406,15.0
407,11.0
408,1.0
409,13.0
410,6.0
411,0.0
412,0.0
413,0.0
414,1.0
415,6.0
416,4.0
417,4.0
418,11.0
419,3.0
420,7.0
421,7.0
422,1.0
423,13.0
424,25.0
425,5.0
426,4.0
427,6.0
428,6.0
429,11.0
430,3.0
431,11.0
432,5.0
433,4.0
434,0.0
435,85.0
436,133.0
437,0.0
438,19.0
439,2.0
440,0.0
441,3.0
442,0.0
443,2.0
444,0.0
445,3.0
446,7.0
447,14.0
448,3.0
449,11.0
450,5.0
451,7.0
452,1.0
453,14.0
454,36.0
455,9.0
456,67.0
457,5.0
458,0.0
459,16.0
460,1.0
461,1.0
462,0.0
463,1.0
464,0.0
465,5.0
466,3.0
467,20.0
468,5.0
469,1.0
470,3.0
471,0.0
472,21.0
473,34.0
474,34.0
475,0.0
476,1.0
477,4.0
478,3.0
479,3.0
480,0.0
481,0.0
482,0.0
483,3.0
484,1.0
485,0.0
486,0.0
487,1.0
488,9.0
489,9.0
490,0.0
491,1.0
492,1.0
493,0.0
494,26.0
495,1.0
496,7.0
497,7.0
498,3.0
499,1.0
500,0.0
501,0.0
502,0.0
503,2.0
504,8.0
505,13.0
506,13.0
507,1.0
508,0.0
509,27.0
510,10.0
511,2.0
512,3.0
513,4.0
514,4.0
515,1.0
516,1.0
517,0.0
518,2.0
519,1.0
520,4.0
521,23.0
522,23.0
523,2.0
524,0.0
525,1.0
526,1.0
527,48.0
528,62.0
529,11.0
530,1.0
531,0.0
532,36.0
533,3.0
534,5.0
535,8.0
536,0.0
537,0.0
538,0.0
539,0.0
540,1.0
541,1.0
542,13.0
543,0.0
544,0.0
545,0.0
546,1.0
547,1.0
548,0.0
549,3.0
550,2.0
551,2.0
552,1.0
553,3.0
554,20.0
555,0.0
556,51.0
557,6.0
558,2.0
559,1.0
560,1.0
561,1.0
562,1.0
563,0.0
564,32.0
565,1.0
566,2.0
567,6.0
568,8.0
569,38.0
570,38.0
571,12.0
572,3.0
573,0.0
574,0.0
575,15.0
576,26.0
577,0.0
578,6.0
579,1.0
580,5.0
581,8.0
582,11.0
583,11.0
584,0.0
585,0.0
586,13.0
587,6.0
588,1.0
589,0.0
590,69.0
591,5.0
592,0.0
593,1.0
594,1.0
595,2.0
596,10.0
597,5.0
598,2.0
599,0.0
600,0.0
601,0.0
602,0.0
603,0.0
604,0.0
605,0.0
606,1.0
607,1.0
608,0.0
609,3.0
610,0.0
611,0.0
612,29.0
613,26.0
614,0.0
615,0.0
616,3.0
617,0.0
618,7.0
619,7.0
620,0.0
621,0.0
622,8.0
623,1.0
624,1.0
625,1.0
626,0.0
627,4.0
628,4.0
629,6.0
630,14.0
631,4.0
632,1.0
633,138.0
634,0.0
635,0.0
636,2.0
637,2.0
638,9.0
639,0.0
640,1.0
641,1.0
642,17.0
643,1.0
644,1.0
645,0.0
646,7.0
647,0.0
648,0.0
649,2.0
650,17.0
651,0.0
652,1.0
653,0.0
654,16.0
655,16.0
656,9.0
657,1.0
658,0.0
659,0.0
660,0.0
661,0.0
662,1.0
663,5.0
664,5.0
665,46.0
666,2.0
667,40.0
668,2.0
669,1.0
670,4.0
671,2.0
672,1.0
673,3.0
674,2.0
675,1.0
676,0.0
677,28.0
678,5.0
679,5.0
680,5.0
681,8.0
682,11.0
683,0.0
684,0.0
685,0.0
686,0.0
687,0.0
688,0.0
689,12.0
690,20.0
691,5.0
692,0.0
693,40.0
694,39.0
695,27.0
696,37.0
697,2.0
698,0.0
699,1.0
700,1.0
701,1.0
702,3.0
703,6.0
704,4.0
705,1.0
706,0.0
707,2.0
708,16.0
709,13.0
710,1.0
711,4.0
712,0.0
713,8.0
714,3.0
715,0.0
716,103.0
717,13.0
718,1.0
719,1.0
720,1.0
721,5.0
722,0.0
723,3.0
724,15.0
725,0.0
726,8.0
727,8.0
728,6.0
729,6.0
730,5.0
731,0.0
732,2.0
733,2.0
734,1.0
735,1.0
736,2.0
737,0.0
738,9.0
739,1.0
740,2.0
741,2.0
742,1.0
743,5.0
744,0.0
745,1.0
746,2.0
747,7.0
748,2.0
749,65.0
750,24.0
751,24.0
752,24.0
753,9.0
754,3.0
755,8.0
756,34.0
757,8.0
758,29.0
759,13.0
760,18.0
761,0.0
762,425.0
763,4.0
764,1.0
765,29.0
766,0.0
767,20.0
768,8.0
769,25.0
770,6.0
771,4.0
772,1.0
773,0.0
774,0.0
775,0.0
776,0.0
777,0.0
778,0.0
779,6.0
780,0.0
781,0.0
782,0.0
783,0.0
784,0.0
785,0.0
786,4.0
787,6.0
788,15.0
789,7.0
790,7.0
791,14.0
792,12.0
793,5.0
794,1.0
795,7.0
796,40.0
797,2.0
798,4.0
799,13.0
800,48.0
801,8.0
802,1.0
803,0.0
804,6.0
805,1.0
806,8.0
807,10.0
808,1.0
809,2.0
810,7.0
811,77.0
812,4.0
813,4.0
814,1.0
815,9.0
816,0.0
817,0.0
818,1.0
819,0.0
820,0.0
821,4.0
822,3.0
823,3.0
824,5.0
825,4.0
826,0.0
827,2.0
828,2.0
829,4.0
830,3.0
831,0.0
832,2.0
833,14.0
834,11.0
835,11.0
836,1.0
837,2.0
838,6.0
839,7.0
840,13.0
841,9.0
842,14.0
843,0.0
844,11.0
845,36.0
846,0.0
847,3.0
848,13.0
849,43.0
850,13.0
851,13.0
852,5.0
853,1.0
854,1.0
855,1.0
856,1.0
857,1.0
858,1.0
859,1.0
860,1.0
861,1.0
862,1.0
863,1.0
864,1.0
865,2.0
866,0.0
867,0.0
868,3.0
869,0.0
870,10.0
871,16.0
872,24.0
873,2.0
874,36.0
875,3.0
876,0.0
877,1.0
878,0.0
879,1.0
880,1.0
881,26.0
882,27.0
883,0.0
884,46.0
885,39.0
886,6.0
887,3.0
888,0.0
889,3.0
890,5.0
891,0.0
892,0.0
893,0.0
894,36.0
895,2.0
896,1.0
897,0.0
898,23.0
899,23.0
900,24.0
901,27.0
902,27.0
903,24.0
904,11.0
905,23.0
906,2.0
907,2.0
908,0.0
909,0.0
910,0.0
911,0.0
912,0.0
913,10.0
914,0.0
915,21.0
916,1.0
917,0.0
918,243.0
919,5.0
920,3.0
921,1.0
922,22.0
923,7.0
924,1.0
925,4.0
926,0.0
927,20.0
928,1.0
929,3.0
930,7.0
931,8.0
932,8.0
933,8.0
934,29.0
935,9.0
936,1.0
937,5.0
938,1.0
939,8.0
940,0.0
941,2.0
942,3.0
943,3.0
944,3.0
945,1.0
946,1.0
947,13.0
948,12.0
949,0.0
950,0.0
951,0.0
952,0.0
953,16.0
954,16.0
955,32.0
956,18.0
957,1.0
958,1.0
959,9.0
960,4.0
961,66.0
962,66.0
963,1.0
964,1.0
965,1.0
966,0.0
967,7.0
968,0.0
969,6.0
970,0.0
971,0.0
972,0.0
973,7.0
974,0.0
975,0.0
976,0.0
977,3.0
978,3.0
979,0.0
980,4.0
981,1.0
982,1.0
983,0.0
984,6.0
985,0.0
986,5.0
987,12.0
988,2.0
989,31.0
990,2.0
991,7.0
992,7.0
993,8.0
994,4.0
995,3.0
996,3.0
997,0.0
998,0.0
999,1.0
1000,0.0
1001,35.0
1002,6.0
1003,0.0
1004,8.0
1005,3.0
1006,1.0
1007,1.0
1008,0.0
1009,2.0
1010,0.0
1011,0.0
1012,29.0
1013,1.0
1014,2.0
1015,8.0
1016,15.0
1017,6.0
1018,6.0
1019,2.0
1020,5.0
1021,0.0
1022,0.0
1023,1.0
1024,25.0
1025,7.0
1026,9.0
1027,17.0
1028,10.0
1029,10.0
1030,10.0
1031,10.0
1032,3.0
1033,18.0
1034,6.0
1035,19.0
1036,10.0
1037,10.0
1038,0.0
1039,0.0
1040,51.0
1041,7.0
1042,14.0
1043,7.0
1044,0.0
1045,0.0
1046,0.0
1047,1.0
1048,0.0
1049,5.0
1050,0.0
1051,65.0
1052,0.0
1053,1.0
1054,8.0
1055,8.0
1056,8.0
1057,8.0
1058,0.0
1059,4.0
1060,3.0
1061,1.0
1062,0.0
1063,13.0
1064,5.0
1065,9.0
1066,6.0
1067,1.0
1068,0.0
1069,0.0
1070,5.0
1071,5.0
1072,49.0
1073,3.0
1074,21.0
1075,0.0
1076,0.0
1077,36.0
1078,8.0
1079,10.0
1080,0.0
1081,6.0
1082,6.0
1083,6.0
1084,1.0
1085,39.0
1086,23.0
1087,0.0
1088,2.0
1089,3.0
1090,7.0
1091,0.0
1092,1.0
1093,0.0
1094,1.0
1095,2.0
1096,2.0
1097,7.0
1098,0.0
1099,22.0
1100,0.0
1101,0.0
1102,0.0
1103,0.0
1104,0.0
1105,1.0
1106,0.0
1107,0.0
1108,17.0
1109,28.0
1110,14.0
1111,1.0
1112,3.0
1113,4.0
1114,4.0
1115,0.0
1116,8.0
1117,0.0
1118,2.0
1119,8.0
1120,0.0
1121,2.0
1122,11.0
1123,0.0
1124,1.0
1125,1.0
1126,40.0
1127,5.0
1128,5.0
1129,0.0
1130,0.0
1131,1.0
1132,79.0
1133,0.0
1134,5.0
1135,0.0
1136,0.0
1137,0.0
1138,0.0
1139,6.0
1140,7.0
1141,33.0
1142,39.0
1143,39.0
1144,54.0
1145,1.0
1146,18.0
1147,4.0
1148,8.0
1149,2.0
1150,0.0
1151,2.0
1152,2.0
1153,1.0
1154,2.0
1155,1.0
1156,1.0
1157,0.0
1158,0.0
1159,22.0
1160,29.0
1161,5.0
1162,18.0
1163,19.0
1164,21.0
1165,27.0
1166,1.0
1167,1.0
1168,12.0
1169,3.0
1170,1.0
1171,0.0
1172,8.0
1173,7.0
1174,14.0
1175,15.0
1176,2.0
1177,2.0
1178,2.0
1179,2.0
1180,1.0
1181,0.0
1182,0.0
1183,0.0
1184,2.0
1185,5.0
1186,12.0
1187,12.0
1188,3.0
1189,0.0
1190,16.0
1191,1.0
1192,37.0
1193,6.0
1194,0.0
1195,0.0
1196,0.0
1197,4.0
1198,2.0
1199,0.0
1200,3.0
1201,7.0
1202,3.0
1203,0.0
1204,0.0
1205,8.0
1206,1.0
1207,2.0
1208,1.0
1209,2.0
1210,1.0
1211,1.0
1212,7.0
1213,0.0
1214,2.0
1215,0.0
1216,0.0
1217,0.0
1218,0.0
1219,1.0
1220,0.0
1221,0.0
1222,0.0
1223,0.0
1224,0.0
1225,3.0
1226,5.0
1227,3.0
1228,1.0
1229,1.0
1230,3.0
1231,7.0
1232,6.0
1233,6.0
1234,6.0
1235,6.0
1236,7.0
1237,1.0
1238,1.0
1239,2.0
1240,0.0
1241,0.0
1242,0.0
1243,0.0
1244,34.0
1245,6.0
1246,6.0
1247,6.0
1248,6.0
1249,2.0
1250,0.0
1251,0.0
1252,0.0
1253,0.0
1254,0.0
1255,20.0
1256,39.0
1257,38.0
1258,0.0
1259,22.0
1260,22.0
1261,22.0
1262,22.0
1263,16.0
1264,16.0
1265,16.0
1266,165.0
1267,0.0
1268,0.0
1269,0.0
1270,14.0
1271,4.0
1272,3.0
1273,5.0
1274,1.0
1275,6.0
1276,5.0
1277,0.0
1278,3.0
1279,3.0
1280,3.0
1281,3.0
1282,1.0
1283,4.0
1284,0.0
1285,9.0
1286,0.0
1287,7.0
1288,7.0
1289,8.0
1290,1.0
1291,5.0
1292,2.0
1293,2.0
1294,5.0
1295,2.0
1296,1.0
1297,0.0
1298,41.0
1299,0.0
1300,4.0
1301,0.0
1302,0.0
1303,0.0
1304,0.0
1305,1.0
1306,9.0
1307,3.0
1308,0.0
1309,7.0
1310,4.0
1311,0.0
1312,6.0
1313,14.0
1314,17.0
1315,17.0
1316,4.0
1317,3.0
1318,0.0
1319,9.0
1320,2.0
1321,7.0
1322,0.0
1323,0.0
1324,6.0
1325,0.0
1326,6.0
1327,9.0
1328,7.0
1329,4.0
1330,6.0
1331,0.0
1332,5.0
1333,5.0
1334,0.0
1335,4.0
1336,39.0
1337,18.0
1338,7.0
1339,3.0
1340,7.0
1341,0.0
1342,0.0
1343,1.0
1344,13.0
1345,13.0
1346,19.0
1347,7.0
1348,0.0
1349,36.0
1350,1.0
1351,8.0
1352,11.0
1353,15.0
1354,3.0
1355,3.0
1356,0.0
1357,56.0
1358,0.0
1359,0.0
1360,4.0
1361,4.0
1362,0.0
1363,0.0
1364,2.0
1365,0.0
1366,0.0
1367,7.0
1368,3.0
1369,2.0
1370,1.0
1371,0.0
1372,26.0
1373,0.0
1374,5.0
1375,19.0
1376,0.0
1377,0.0
1378,0.0
1379,3.0
1380,0.0
1381,2.0
1382,0.0
1383,2.0
1384,1.0
1385,6.0
1386,6.0
1387,6.0
1388,5.0
1389,0.0
1390,5.0
1391,4.0
1392,1.0
1393,5.0
1394,0.0
1395,5.0
1396,7.0
1397,21.0
1398,26.0
1399,26.0
1400,37.0
1401,1.0
1402,8.0
1403,21.0
1404,0.0
1405,0.0
1406,5.0
1407,0.0
1408,0.0
1409,11.0
1410,1.0
1411,10.0
1412,7.0
1413,7.0
1414,7.0
1415,26.0
1416,16.0
1417,16.0
1418,1.0
1419,6.0
1420,6.0
1421,6.0
1422,15.0
1423,16.0
1424,39.0
1425,0.0
1426,15.0
1427,0.0
1428,4.0
1429,1.0
1430,76.0
1431,7.0
1432,2.0
1433,2.0
1434,3.0
1435,1.0
1436,1.0
1437,2.0
1438,12.0
1439,0.0
1440,0.0
1441,53.0
1442,1.0
1443,3.0
1444,0.0
1445,6.0
1446,9.0
1447,61.0
1448,0.0
1449,0.0
1450,25.0
1451,4.0
1452,5.0
1453,23.0
1454,21.0
1455,0.0
1456,2.0
1457,5.0
1458,14.0
1459,2.0
1460,83.0
1461,15.0
1462,0.0
1463,2.0
1464,2.0
1465,2.0
1466,2.0
1467,2.0
1468,7.0
1469,0.0
1470,1.0
1471,2.0
1472,14.0
1473,12.0
1474,9.0
1475,1.0
1476,1.0
1477,2.0
1478,4.0
1479,0.0
1480,4.0
1481,0.0
1482,1.0
1483,5.0
1484,5.0
1485,6.0
1486,32.0
1487,0.0
1488,0.0
1489,0.0
1490,1.0
1491,1.0
1492,1.0
1493,1.0
1494,0.0
1495,1.0
1496,1.0
1497,1.0
1498,7.0
1499,7.0
1500,81.0
1501,0.0
1502,0.0
1503,17.0
1504,0.0
1505,1.0
1506,0.0
1507,0.0
1508,0.0
1509,0.0
1510,0.0
1511,0.0
1512,6.0
1513,0.0
1514,2.0
1515,2.0
1516,6.0
1517,8.0
1518,13.0
1519,15.0
1520,1.0
1521,1.0
1522,1.0
1523,0.0
1524,0.0
1525,0.0
1526,0.0
1527,17.0
1528,6.0
1529,2.0
1530,19.0
1531,0.0
1532,0.0
1533,0.0
1534,1.0
1535,43.0
1536,1.0
1537,3.0
1538,1.0
1539,2.0
1540,2.0
1541,2.0
1542,20.0
1543,1.0
1544,1.0
1545,0.0
1546,2.0
1547,4.0
1548,6.0
1549,13.0
1550,19.0
1551,4.0
1552,0.0
1553,1.0
1554,0.0
1555,3.0
1556,3.0
1557,2.0
1558,2.0
1559,0.0
1560,1.0
1561,5.0
1562,2.0
1563,0.0
1564,4.0
1565,6.0
1566,1.0
1567,7.0
1568,22.0
1569,1.0
1570,11.0
1571,0.0
1572,0.0
1573,2.0
1574,0.0
1575,14.0
1576,1.0
1577,7.0
1578,5.0
1579,0.0
1580,24.0
1581,1.0
1582,0.0
1583,6.0
1584,0.0
1585,2.0
1586,2.0
1587,2.0
1588,0.0
1589,0.0
1590,20.0
1591,15.0
1592,3.0
1593,4.0
1594,0.0
1595,0.0
1596,0.0
1597,11.0
1598,1.0
1599,1.0
1600,1.0
1601,1.0
1602,0.0
1603,4.0
1604,2.0
1605,2.0
1606,6.0
1607,6.0
1608,8.0
1609,28.0
1610,46.0
1611,13.0
1612,7.0
1613,9.0
1614,1.0
1615,0.0
1616,3.0
1617,9.0
1618,0.0
1619,1.0
1620,20.0
1621,1.0
1622,0.0
1623,4.0
1624,7.0
1625,1.0
1626,0.0
1627,0.0
1628,0.0
1629,1.0
1630,5.0
1631,0.0
1632,1.0
1633,0.0
1634,0.0
1635,1.0
1636,1.0
1637,1.0
1638,21.0
1639,4.0
1640,1.0
1641,0.0
1642,0.0
1643,13.0
1644,1.0
1645,1.0
1646,31.0
1647,0.0
1648,2.0
1649,0.0
1650,16.0
1651,156.0
1652,0.0
1653,5.0
1654,1.0
1655,1.0
1656,1.0
1657,0.0
1658,1.0
1659,0.0
1660,2.0
1661,67.0
1662,6.0
1663,7.0
1664,4.0
1665,8.0
1666,10.0
1667,0.0
1668,5.0
1669,4.0
1670,10.0
1671,1.0
1672,5.0
1673,1.0
1674,1.0
1675,6.0
1676,6.0
1677,1.0
1678,0.0
1679,0.0
1680,10.0
1681,1.0
1682,0.0
1683,1.0
1684,2.0
1685,2.0
1686,2.0
1687,0.0
1688,0.0
1689,7.0
1690,0.0
1691,0.0
1692,0.0
1693,0.0
1694,54.0
1695,0.0
1696,0.0
1697,3.0
1698,0.0
1699,0.0
1700,0.0
1701,0.0
1702,2.0
1703,27.0
1704,0.0
1705,1.0
1706,2.0
1707,1.0
1708,1.0
1709,0.0
1710,1.0
1711,7.0
1712,12.0
1713,18.0
1714,3.0
1715,0.0
1716,2.0
1717,1.0
1718,19.0
1719,0.0
1720,1.0
1721,2.0
1722,2.0
1723,2.0
1724,0.0
1725,0.0
1726,2.0
1727,6.0
1728,1.0
1729,6.0
1730,4.0
1731,3.0
1732,2.0
1733,2.0
1734,24.0
1735,0.0
1736,30.0
1737,12.0
1738,1.0
1739,1.0
1740,1.0
1741,0.0
1742,6.0
1743,1.0
1744,0.0
1745,4.0
1746,1.0
1747,1.0
1748,9.0
1749,0.0
1750,22.0
1751,0.0
1752,1.0
1753,0.0
1754,1.0
1755,1.0
1756,1.0
1757,2.0
1758,0.0
1759,7.0
1760,34.0
1761,9.0
1762,7.0
1763,0.0
1764,1.0
1765,2.0
1766,2.0
1767,8.0
1768,0.0
1769,2.0
1770,5.0
1771,0.0
1772,0.0
1773,0.0
1774,1.0
1775,32.0
1776,0.0
1777,18.0
1778,1.0
1779,0.0
1780,1.0
1781,1.0
1782,5.0
1783,7.0
1784,1.0
1785,8.0
1786,12.0
1787,12.0
1788,12.0
1789,0.0
1790,4.0
1791,10.0
1792,1.0
1793,4.0
1794,8.0
1795,2.0
1796,4.0
1797,0.0
1798,4.0
1799,4.0
1800,4.0
1801,6.0
1802,11.0
1803,7.0
1804,8.0
1805,4.0
1806,7.0
1807,17.0
1808,0.0
1809,0.0
1810,1.0
1811,1.0
1812,5.0
1813,2.0
1814,0.0
1815,0.0
1816,4.0
1817,1.0
1818,0.0
1819,0.0
1820,0.0
1821,40.0
1822,2.0
1823,2.0
1824,2.0
1825,2.0
1826,2.0
1827,0.0
1828,4.0
1829,1.0
1830,15.0
1831,4.0
1832,0.0
1833,3.0
1834,0.0
1835,2.0
1836,0.0
1837,1.0
1838,2.0
1839,1.0
1840,6.0
1841,0.0
1842,2.0
1843,0.0
1844,0.0
1845,0.0
1846,12.0
1847,3.0
1848,0.0
1849,2.0
1850,1.0
1851,6.0
1852,9.0
1853,15.0
1854,12.0
1855,12.0
1856,5.0
1857,39.0
1858,8.0
1859,6.0
1860,8.0
1861,8.0
1862,5.0
1863,11.0
1864,0.0
1865,0.0
1866,7.0
1867,10.0
1868,10.0
1869,10.0
1870,10.0
1871,10.0
1872,10.0
1873,10.0
1874,10.0
1875,10.0
1876,4.0
1877,11.0
1878,3.0
1879,10.0
1880,6.0
1881,0.0
1882,2.0
1883,62.0
1884,0.0
1885,0.0
1886,0.0
1887,4.0
1888,0.0
1889,3.0
1890,2.0
1891,0.0
1892,8.0
1893,20.0
1894,10.0
1895,10.0
1896,10.0
1897,2.0
1898,12.0
1899,19.0
1900,0.0
1901,1.0
1902,6.0
1903,0.0
1904,5.0
1905,4.0
1906,4.0
1907,56.0
1908,0.0
1909,6.0
1910,7.0
1911,9.0
1912,0.0
1913,3.0
1914,13.0
1915,15.0
1916,0.0
1917,4.0
1918,6.0
1919,2.0
1920,0.0
1921,1.0
1922,1.0
1923,1.0
1924,5.0
1925,2.0
1926,0.0
1927,0.0
1928,1.0
1929,0.0
1930,1.0
1931,6.0
1932,10.0
1933,17.0
1934,1.0
1935,2.0
1936,11.0
1937,1.0
1938,5.0
1939,7.0
1940,4.0
1941,4.0
1942,2.0
1943,1.0
1944,1.0
1945,1.0
1946,2.0
1947,2.0
1948,0.0
1949,0.0
1950,0.0
1951,0.0
1952,0.0
1953,0.0
1954,13.0
1955,8.0
1956,0.0
1957,2.0
1958,4.0
1959,6.0
1960,0.0
1961,0.0
1962,0.0
1963,41.0
1964,0.0
1965,1.0
1966,1.0
1967,4.0
1968,0.0
1969,2.0
1970,3.0
1971,1.0
1972,1.0
1973,0.0
1974,0.0
1975,0.0
1976,0.0
1977,1.0
1978,0.0
1979,2.0
1980,3.0
1981,3.0
1982,6.0
1983,6.0
1984,7.0
1985,7.0
1986,0.0
1987,22.0
1988,22.0
1989,11.0
1990,4.0
1991,2.0
1992,0.0
1993,0.0
1994,0.0
1995,38.0
1996,15.0
1997,1.0
1998,11.0
1999,11.0
2000,9.0
2001,0.0
2002,5.0
2003,6.0
2004,4.0
2005,0.0
2006,0.0
2007,7.0
2008,7.0
2009,7.0
2010,7.0
2011,7.0
2012,7.0
2013,24.0
2014,24.0
2015,1.0
2016,25.0
2017,0.0
2018,7.0
2019,6.0
2020,6.0
2021,11.0
2022,13.0
2023,2.0
2024,0.0
2025,15.0
2026,1.0
2027,1.0
2028,0.0
2029,0.0
2030,1.0
2031,1.0
2032,1.0
2033,4.0
2034,10.0
2035,2.0
2036,6.0
2037,1.0
2038,1.0
2039,0.0
2040,1.0
2041,5.0
2042,10.0
2043,3.0
2044,4.0
2045,3.0
2046,7.0
2047,8.0
2048,8.0
2049,5.0
2050,5.0
2051,0.0
2052,0.0
2053,1.0
2054,2.0
2055,6.0
2056,1.0
2057,1.0
2058,19.0
2059,0.0
2060,8.0
2061,4.0
2062,12.0
2063,10.0
2064,0.0
2065,5.0
2066,4.0
2067,6.0
2068,0.0
2069,10.0
2070,0.0
2071,1.0
2072,0.0
2073,0.0
2074,1.0
2075,7.0
2076,0.0
2077,5.0
2078,3.0
2079,1.0
2080,0.0
2081,0.0
2082,0.0
2083,4.0
2084,0.0
2085,6.0
2086,2.0
2087,1.0
2088,0.0
2089,0.0
2090,2.0
2091,4.0
2092,0.0
2093,12.0
2094,0.0
2095,0.0
2096,1.0
2097,2.0
2098,2.0
2099,10.0
2100,6.0
2101,6.0
2102,7.0
2103,14.0
2104,12.0
2105,14.0
2106,0.0
2107,0.0
2108,1.0
2109,3.0
2110,4.0
2111,0.0
2112,0.0
2113,18.0
2114,4.0
2115,4.0
2116,1.0
2117,4.0
2118,3.0
2119,0.0
2120,2.0
2121,4.0
2122,1.0
2123,1.0
2124,2.0
2125,0.0
2126,0.0
2127,14.0
2128,22.0
2129,0.0
2130,0.0
2131,0.0
2132,15.0
2133,1.0
2134,0.0
2135,2.0
2136,3.0
2137,2.0
2138,14.0
2139,14.0
2140,0.0
2141,0.0
2142,1.0
2143,3.0
2144,3.0
2145,3.0
2146,4.0
2147,4.0
2148,1.0
2149,0.0
2150,0.0
2151,2.0
2152,1.0
2153,1.0
2154,0.0
2155,0.0
2156,0.0
2157,0.0
2158,46.0
2159,46.0
2160,0.0
2161,9.0
2162,26.0
2163,69.0
2164,3.0
2165,72.0
2166,72.0
2167,1.0
2168,0.0
2169,0.0
2170,0.0
2171,0.0
2172,1.0
2173,1.0
2174,8.0
2175,60.0
2176,1.0
2177,6.0
2178,4.0
2179,5.0
2180,6.0
2181,19.0
2182,21.0
2183,11.0
2184,4.0
2185,0.0
2186,9.0
2187,0.0
2188,0.0
2189,0.0
2190,2.0
2191,0.0
2192,14.0
2193,6.0
2194,2.0
2195,2.0
2196,1.0
2197,0.0
2198,0.0
2199,23.0
2200,27.0
2201,77.0
2202,0.0
2203,0.0
2204,0.0
2205,0.0
2206,4.0
2207,0.0
2208,6.0
2209,0.0
2210,0.0
2211,3.0
2212,2.0
2213,2.0
2214,6.0
2215,0.0
2216,0.0
2217,0.0
2218,3.0
2219,0.0
2220,1.0
2221,9.0
2222,0.0
2223,0.0
2224,1.0
2225,0.0
2226,1.0
2227,0.0
2228,6.0
2229,28.0
2230,12.0
2231,9.0
2232,10.0
2233,19.0
2234,1.0
2235,0.0
2236,22.0
2237,20.0
2238,18.0
2239,24.0
2240,4.0
2241,0.0
2242,23.0
2243,0.0
2244,0.0
2245,1.0
2246,17.0
2247,0.0
2248,0.0
2249,0.0
2250,0.0
2251,0.0
2252,1.0
2253,6.0
2254,6.0
2255,0.0
2256,1.0
2257,0.0
2258,4.0
2259,8.0
2260,4.0
2261,0.0
2262,1.0
2263,0.0
2264,0.0
2265,0.0
2266,1.0
2267,1.0
2268,8.0
2269,1.0
2270,2.0
2271,0.0
2272,2.0
2273,2.0
2274,14.0
2275,0.0
2276,0.0
2277,0.0
2278,1.0
2279,0.0
2280,0.0
2281,7.0
2282,0.0
2283,0.0
2284,0.0
2285,2.0
2286,6.0
2287,6.0
2288,6.0
2289,6.0
2290,0.0
2291,71.0
2292,6.0
2293,1.0
2294,0.0
2295,27.0
2296,27.0
2297,15.0
2298,2.0
2299,0.0
2300,0.0
2301,0.0
2302,0.0
2303,0.0
2304,20.0
2305,1.0
2306,17.0
2307,0.0
2308,7.0
2309,28.0
2310,0.0
2311,0.0
2312,38.0
2313,15.0
2314,15.0
2315,2.0
2316,1.0
2317,14.0
2318,23.0
2319,1.0
2320,0.0
2321,9.0
2322,17.0
2323,17.0
2324,0.0
2325,0.0
2326,0.0
2327,0.0
2328,0.0
2329,9.0
2330,2.0
2331,1.0
2332,11.0
2333,0.0
2334,21.0
2335,2.0
2336,9.0
2337,12.0
2338,3.0
2339,0.0
2340,1.0
2341,1.0
2342,7.0
2343,9.0
2344,2.0
2345,8.0
2346,1.0
2347,3.0
2348,5.0
2349,6.0
2350,2.0
2351,1.0
2352,0.0
2353,1.0
2354,0.0
2355,0.0
2356,0.0
2357,13.0
2358,4.0
2359,1.0
2360,2.0
2361,2.0
2362,8.0
2363,8.0
2364,0.0
2365,2.0
2366,1.0
2367,0.0
2368,1.0
2369,14.0
2370,3.0
2371,4.0
2372,0.0
2373,1.0
2374,1.0
2375,13.0
2376,1.0
2377,1.0
2378,1.0
2379,1.0
2380,5.0
2381,0.0
2382,19.0
2383,19.0
2384,8.0
2385,20.0
2386,87.0
2387,14.0
2388,8.0
2389,0.0
2390,0.0
2391,1.0
2392,7.0
2393,0.0
2394,16.0
2395,24.0
2396,0.0
2397,13.0
2398,0.0
2399,9.0
2400,9.0
2401,1.0
2402,0.0
2403,6.0
2404,0.0
2405,1.0
2406,0.0
2407,1.0
2408,0.0
2409,5.0
2410,5.0
2411,39.0
2412,0.0
2413,0.0
2414,22.0
2415,1.0
2416,0.0
2417,7.0
2418,7.0
2419,10.0
2420,62.0
2421,0.0
2422,1.0
2423,10.0
2424,2.0
2425,26.0
2426,26.0
2427,5.0
2428,4.0
2429,4.0
2430,0.0
2431,0.0
2432,0.0
2433,4.0
2434,4.0
2435,3.0
2436,0.0
2437,2.0
2438,1.0
2439,3.0
2440,0.0
2441,4.0
2442,2.0
2443,17.0
2444,3.0
2445,13.0
2446,1.0
2447,3.0
2448,36.0
2449,22.0
2450,0.0
2451,5.0
2452,62.0
2453,3.0
2454,0.0
2455,1.0
2456,1.0
2457,1.0
2458,1.0
2459,7.0
2460,7.0
2461,7.0
2462,0.0
2463,1.0
2464,9.0
2465,24.0
2466,0.0
2467,7.0
2468,2.0
2469,0.0
2470,4.0
2471,19.0
2472,0.0
2473,58.0
2474,7.0
2475,9.0
2476,36.0
2477,3.0
2478,35.0
2479,6.0
2480,6.0
2481,15.0
2482,1.0
2483,40.0
2484,3.0
2485,10.0
2486,15.0
2487,32.0
2488,1.0
2489,0.0
2490,0.0
2491,0.0
2492,2.0
2493,2.0
2494,1.0
2495,5.0
2496,0.0
2497,4.0
2498,14.0
2499,1.0
2500,17.0
2501,10.0
2502,0.0
2503,1.0
2504,0.0
2505,2.0
2506,4.0
2507,4.0
2508,3.0
2509,3.0
2510,1.0
2511,1.0
2512,1.0
2513,4.0
2514,4.0
2515,4.0
2516,4.0
2517,4.0
2518,1.0
2519,0.0
2520,2.0
2521,4.0
2522,5.0
2523,0.0
2524,2.0
2525,0.0
2526,1.0
2527,1.0
2528,21.0
2529,1.0
2530,0.0
2531,0.0
2532,0.0
2533,21.0
2534,7.0
2535,7.0
2536,0.0
2537,7.0
2538,7.0
2539,1.0
2540,23.0
2541,0.0
2542,0.0
2543,13.0
2544,106.0
2545,0.0
2546,0.0
2547,0.0
2548,1.0
2549,2.0
2550,10.0
2551,1.0
2552,1.0
2553,0.0
2554,10.0
2555,0.0
2556,2.0
2557,5.0
2558,2.0
2559,6.0
2560,0.0
2561,1.0
2562,1.0
2563,4.0
2564,26.0
2565,0.0
2566,0.0
2567,8.0
2568,6.0
2569,6.0
2570,8.0
2571,0.0
2572,0.0
2573,2.0
2574,13.0
2575,2.0
2576,1.0
2577,0.0
2578,10.0
2579,0.0
2580,0.0
2581,0.0
2582,0.0
2583,18.0
2584,18.0
2585,17.0
2586,20.0
2587,9.0
2588,1.0
2589,3.0
2590,0.0
2591,1.0
2592,7.0
2593,0.0
2594,20.0
2595,1.0
2596,9.0
2597,9.0
2598,13.0
2599,11.0
2600,2.0
2601,0.0
2602,4.0
2603,1.0
2604,1.0
2605,8.0
2606,11.0
2607,3.0
2608,25.0
2609,0.0
2610,4.0
2611,3.0
2612,2.0
2613,0.0
2614,0.0
2615,0.0
2616,1.0
2617,65.0
2618,1.0
2619,1.0
2620,8.0
2621,1.0
2622,7.0
2623,0.0
2624,1.0
2625,5.0
2626,0.0
2627,0.0
2628,2.0
2629,1.0
2630,0.0
2631,16.0
2632,23.0
2633,2.0
2634,15.0
2635,0.0
2636,7.0
2637,21.0
2638,6.0
2639,5.0
2640,8.0
2641,192.0
2642,8.0
2643,0.0
2644,0.0
2645,4.0
2646,2.0
2647,5.0
2648,8.0
2649,9.0
2650,9.0
2651,11.0
2652,10.0
2653,4.0
2654,0.0
2655,1.0
2656,14.0
2657,15.0
2658,13.0
2659,1.0
2660,2.0
2661,0.0
2662,7.0
2663,29.0
2664,28.0
2665,2.0
2666,2.0
2667,0.0
2668,1.0
2669,1.0
2670,27.0
2671,234.0
2672,139.0
2673,6.0
2674,4.0
2675,4.0
2676,4.0
2677,2.0
2678,4.0
2679,0.0
2680,4.0
2681,0.0
2682,6.0
2683,0.0
2684,0.0
2685,3.0
2686,3.0
2687,50.0
2688,78.0
2689,2.0
2690,3.0
2691,4.0
2692,15.0
2693,2.0
2694,0.0
2695,19.0
2696,3.0
2697,6.0
2698,7.0
2699,0.0
2700,0.0
2701,0.0
2702,0.0
2703,13.0
2704,0.0
2705,13.0
2706,1.0
2707,1.0
2708,1.0
2709,11.0
2710,0.0
2711,4.0
2712,6.0
2713,1.0
2714,0.0
2715,0.0
2716,19.0
2717,19.0
2718,2.0
2719,2.0
2720,2.0
2721,2.0
2722,0.0
2723,1.0
2724,0.0
2725,0.0
2726,12.0
2727,5.0
2728,0.0
2729,0.0
2730,29.0
2731,0.0
2732,0.0
2733,0.0
2734,0.0
2735,0.0
2736,8.0
2737,1.0
2738,9.0
2739,0.0
2740,47.0
2741,0.0
2742,47.0
2743,0.0
2744,46.0
2745,0.0
2746,0.0
2747,1.0
2748,0.0
2749,12.0
2750,7.0
2751,16.0
2752,4.0
2753,4.0
2754,0.0
2755,0.0
2756,8.0
2757,0.0
2758,1.0
2759,44.0
2760,48.0
2761,50.0
2762,50.0
2763,3.0
2764,0.0
2765,0.0
2766,0.0
2767,5.0
2768,0.0
2769,0.0
2770,0.0
2771,0.0
2772,1.0
2773,2.0
2774,2.0
2775,7.0
2776,1.0
2777,3.0
2778,21.0
2779,4.0
2780,0.0
2781,1.0
2782,1.0
2783,73.0
2784,13.0
2785,6.0
2786,109.0
2787,29.0
2788,179.0
2789,63.0
2790,18.0
2791,2.0
2792,21.0
2793,7.0
2794,1.0
2795,4.0
2796,4.0
2797,3.0
2798,0.0
2799,6.0
2800,4.0
2801,92.0
2802,1.0
2803,1.0
2804,1.0
2805,3.0
2806,5.0
2807,0.0
2808,3.0
2809,5.0
2810,17.0
2811,7.0
2812,2.0
2813,6.0
2814,2.0
2815,2.0
2816,9.0
2817,0.0
2818,6.0
2819,37.0
2820,0.0
2821,17.0
2822,47.0
2823,2.0
2824,2.0
2825,29.0
2826,22.0
2827,121.0
2828,1.0
2829,12.0
2830,10.0
2831,10.0
2832,2.0
2833,9.0
2834,6.0
2835,3.0
2836,3.0
2837,31.0
2838,1.0
2839,36.0
2840,1.0
2841,0.0
2842,3.0
2843,0.0
2844,0.0
2845,2.0
2846,0.0
2847,0.0
2848,0.0
2849,27.0
2850,1.0
2851,6.0
2852,52.0
2853,1.0
2854,0.0
2855,2.0
2856,15.0
2857,19.0
2858,77.0
2859,1.0
2860,0.0
2861,0.0
2862,0.0
2863,1.0
2864,0.0
2865,3.0
2866,3.0
2867,6.0
2868,0.0
2869,0.0
2870,6.0
2871,15.0
2872,0.0
2873,4.0
2874,0.0
2875,2.0
2876,54.0
2877,0.0
2878,1.0
2879,3.0
2880,8.0
2881,4.0
2882,0.0
2883,4.0
2884,1.0
2885,6.0
2886,0.0
2887,0.0
2888,6.0
2889,5.0
2890,21.0
2891,0.0
2892,1.0
2893,0.0
2894,0.0
2895,0.0
2896,0.0
2897,4.0
2898,3.0
2899,3.0
2900,3.0
2901,0.0
2902,1.0
2903,1.0
2904,1.0
2905,4.0
2906,1.0
2907,0.0
2908,0.0
2909,4.0
2910,12.0
2911,2.0
2912,14.0
2913,59.0
2914,1.0
2915,37.0
2916,38.0
2917,20.0
2918,1.0
2919,0.0
2920,0.0
2921,1.0
2922,2.0
2923,14.0
2924,14.0
2925,14.0
2926,14.0
2927,13.0
2928,13.0
2929,1.0
2930,7.0
2931,1.0
2932,2.0
2933,1.0
2934,1.0
2935,315.0
2936,3.0
2937,0.0
2938,0.0
2939,0.0
2940,1.0
2941,0.0
2942,6.0
2943,0.0
2944,20.0
2945,0.0
2946,4.0
2947,11.0
2948,1.0
2949,0.0
2950,0.0
2951,3.0
2952,0.0
2953,3.0
2954,1.0
2955,4.0
2956,0.0
2957,0.0
2958,0.0
2959,2.0
2960,0.0
2961,2.0
2962,15.0
2963,15.0
2964,0.0
2965,1.0
2966,1.0
2967,2.0
2968,6.0
2969,4.0
2970,0.0
2971,5.0
2972,0.0
2973,0.0
2974,5.0
2975,13.0
2976,33.0
2977,1.0
2978,0.0
2979,6.0
2980,6.0
2981,0.0
2982,0.0
2983,43.0
2984,0.0
2985,0.0
2986,0.0
2987,0.0
2988,19.0
2989,1.0
2990,1.0
2991,38.0
2992,0.0
2993,6.0
2994,0.0
2995,12.0
2996,0.0
2997,2.0
2998,1.0
2999,0.0
3000,24.0
3001,0.0
3002,0.0
3003,0.0
3004,2.0
3005,6.0
3006,42.0
3007,51.0
3008,21.0
3009,3.0
3010,0.0
3011,27.0
3012,27.0
3013,20.0
3014,4.0
3015,2.0
3016,17.0
3017,2.0
3018,6.0
3019,5.0
3020,0.0
3021,0.0
3022,0.0
3023,0.0
3024,0.0
3025,1.0
3026,1.0
3027,1.0
3028,6.0
3029,0.0
3030,3.0
3031,13.0
3032,5.0
3033,0.0
3034,0.0
3035,33.0
3036,0.0
3037,0.0
3038,1.0
3039,0.0
3040,0.0
3041,267.0
3042,0.0
3043,0.0
3044,0.0
3045,0.0
3046,0.0
3047,0.0
3048,0.0
3049,0.0
3050,0.0
3051,18.0
3052,6.0
3053,0.0
3054,2.0
3055,4.0
3056,2.0
3057,0.0
3058,0.0
3059,26.0
3060,3.0
3061,5.0
3062,8.0
3063,1.0
3064,7.0
3065,0.0
3066,0.0
3067,0.0
3068,33.0
3069,37.0
3070,50.0
3071,1.0
3072,0.0
3073,4.0
3074,5.0
3075,0.0
3076,6.0
3077,5.0
3078,6.0
3079,6.0
3080,6.0
3081,1.0
3082,1.0
3083,1.0
3084,1.0
3085,0.0
3086,0.0
3087,0.0
3088,16.0
3089,0.0
3090,13.0
3091,0.0
3092,14.0
3093,1.0
3094,2.0
3095,16.0
3096,0.0
3097,62.0
3098,0.0
3099,0.0
3100,7.0
3101,0.0
3102,0.0
3103,23.0
3104,3.0
3105,2.0
3106,0.0
3107,17.0
3108,4.0
3109,9.0
3110,0.0
3111,17.0
3112,17.0
3113,47.0
3114,97.0
3115,0.0
3116,2.0
3117,0.0
3118,0.0
3119,9.0
3120,2.0
3121,6.0
3122,1.0
3123,62.0
3124,0.0
3125,4.0
3126,22.0
3127,18.0
3128,1.0
3129,29.0
3130,2.0
3131,0.0
3132,56.0
3133,0.0
3134,0.0
3135,0.0
3136,0.0
3137,7.0
3138,2.0
3139,0.0
3140,0.0
3141,1.0
3142,0.0
3143,0.0
3144,0.0
3145,0.0
3146,0.0
3147,0.0
3148,0.0
3149,2.0
3150,1.0
3151,0.0
3152,3.0
3153,0.0
3154,0.0
3155,0.0
3156,0.0
3157,2.0
3158,2.0
3159,0.0
3160,3.0
3161,0.0
3162,3.0
3163,3.0
3164,1.0
3165,2.0
3166,1.0
3167,2.0
3168,0.0
3169,1.0
3170,1.0
3171,0.0
3172,0.0
3173,3.0
3174,13.0
3175,5.0
3176,34.0
3177,0.0
3178,0.0
3179,14.0
3180,0.0
3181,7.0
3182,0.0
3183,0.0
3184,4.0
3185,53.0
3186,8.0
3187,8.0
3188,8.0
3189,0.0
3190,1.0
3191,0.0
3192,23.0
3193,0.0
3194,7.0
3195,0.0
3196,7.0
3197,7.0
3198,1.0
3199,0.0
3200,2.0
3201,28.0
3202,1.0
3203,2.0
3204,40.0
3205,9.0
3206,1.0
3207,0.0
3208,0.0
3209,0.0
3210,2.0
3211,0.0
3212,0.0
3213,1.0
3214,8.0
3215,0.0
3216,0.0
3217,6.0
3218,2.0
3219,0.0
3220,1.0
3221,1.0
3222,0.0
3223,20.0
3224,18.0
3225,1.0
3226,1.0
3227,0.0
3228,0.0
3229,8.0
3230,1.0
3231,5.0
3232,42.0
3233,3.0
3234,0.0
3235,0.0
3236,0.0
3237,8.0
3238,2.0
3239,0.0
3240,0.0
3241,6.0
3242,1.0
3243,0.0
3244,0.0
3245,1.0
3246,1.0
3247,0.0
3248,1.0
3249,0.0
3250,1.0
3251,10.0
3252,0.0
3253,0.0
3254,0.0
3255,2.0
3256,0.0
3257,7.0
3258,1.0
3259,1.0
3260,1.0
3261,0.0
3262,6.0
3263,0.0
3264,0.0
3265,0.0
3266,1.0
3267,0.0
3268,0.0
3269,1.0
3270,0.0
3271,0.0
3272,0.0
3273,1.0
3274,2.0
3275,1.0
3276,50.0
3277,2.0
3278,1.0
3279,1.0
3280,1.0
3281,7.0
3282,0.0
3283,3.0
3284,0.0
3285,0.0
3286,0.0
3287,0.0
3288,0.0
3289,0.0
3290,1.0
3291,5.0
3292,7.0
3293,7.0
3294,7.0
3295,7.0
3296,8.0
3297,1.0
3298,0.0
3299,0.0
3300,0.0
3301,0.0
3302,0.0
3303,0.0
3304,2.0
3305,0.0
3306,1.0
3307,4.0
3308,0.0
3309,22.0
3310,0.0
3311,0.0
3312,46.0
3313,20.0
3314,1.0
3315,34.0
3316,36.0
3317,0.0
3318,5.0
3319,0.0
3320,0.0
3321,0.0
3322,14.0
3323,10.0
3324,0.0
3325,1.0
3326,0.0
3327,0.0
3328,0.0
3329,1.0
3330,4.0
3331,0.0
3332,0.0
3333,7.0
3334,32.0
3335,5.0
3336,0.0
3337,12.0
3338,0.0
3339,1.0
3340,1.0
3341,16.0
3342,16.0
3343,56.0
3344,56.0
3345,0.0
3346,0.0
3347,26.0
3348,0.0
3349,0.0
3350,0.0
3351,0.0
3352,0.0
3353,4.0
3354,0.0
3355,0.0
3356,0.0
3357,0.0
3358,1.0
3359,1.0
3360,0.0
3361,0.0
3362,0.0
3363,1.0
3364,0.0
3365,0.0
3366,1.0
3367,1.0
3368,1.0
3369,1.0
3370,1.0
3371,13.0
3372,13.0
3373,0.0
3374,0.0
3375,1.0
3376,5.0
3377,4.0
3378,1.0
3379,0.0
3380,2.0
3381,2.0
3382,1.0
3383,1.0
3384,1.0
3385,1.0
3386,7.0
3387,1.0
3388,4.0
3389,4.0
3390,4.0
3391,6.0
3392,6.0
3393,0.0
3394,0.0
3395,1.0
3396,1.0
3397,1.0
3398,1.0
3399,0.0
3400,2.0
3401,11.0
3402,4.0
3403,0.0
3404,0.0
3405,31.0
3406,15.0
3407,17.0
3408,54.0
3409,27.0
3410,0.0
3411,1.0
3412,20.0
3413,27.0
3414,7.0
3415,26.0
3416,29.0
3417,7.0
3418,4.0
3419,13.0
3420,17.0
3421,3.0
3422,14.0
3423,6.0
3424,1.0
3425,1.0
3426,0.0
3427,1.0
3428,6.0
3429,2.0
3430,3.0
3431,0.0
3432,1.0
3433,8.0
3434,2.0
3435,0.0
3436,0.0
3437,1.0
3438,0.0
3439,4.0
3440,1.0
3441,0.0
3442,7.0
3443,6.0
3444,0.0
3445,2.0
3446,82.0
3447,0.0
3448,0.0
3449,0.0
3450,0.0
3451,0.0
3452,1.0
3453,6.0
3454,0.0
3455,81.0
3456,6.0
3457,4.0
3458,1.0
3459,2.0
3460,2.0
3461,5.0
3462,5.0
3463,10.0
3464,1.0
3465,0.0
3466,0.0
3467,1.0
3468,1.0
3469,81.0
3470,25.0
3471,24.0
3472,10.0
3473,12.0
3474,57.0
3475,51.0
3476,47.0
3477,31.0
3478,9.0
3479,33.0
3480,59.0
3481,32.0
3482,0.0
3483,35.0
3484,7.0
3485,7.0
3486,0.0
3487,1.0
3488,0.0
3489,14.0
3490,73.0
3491,7.0
3492,9.0
3493,17.0
3494,3.0
3495,4.0
3496,6.0
3497,1.0
3498,3.0
3499,1.0
3500,33.0
3501,4.0
3502,2.0
3503,0.0
3504,0.0
3505,0.0
3506,1.0
3507,0.0
3508,0.0
3509,0.0
3510,4.0
3511,0.0
3512,1.0
3513,0.0
3514,0.0
3515,0.0
3516,1.0
3517,0.0
3518,22.0
3519,1.0
3520,25.0
3521,0.0
3522,0.0
3523,1.0
3524,4.0
3525,5.0
3526,16.0
3527,1.0
3528,42.0
3529,0.0
3530,3.0
3531,0.0
3532,11.0
3533,131.0
3534,0.0
3535,7.0
3536,8.0
3537,1.0
3538,1.0
3539,14.0
3540,6.0
3541,8.0
3542,28.0
3543,23.0
3544,10.0
3545,19.0
3546,19.0
3547,19.0
3548,20.0
3549,19.0
3550,0.0
3551,0.0
3552,0.0
3553,1.0
3554,3.0
3555,6.0
3556,1.0
3557,0.0
3558,0.0
3559,0.0
3560,0.0
3561,1.0
3562,6.0
3563,1.0
3564,3.0
3565,17.0
3566,17.0
3567,11.0
3568,0.0
3569,8.0
3570,0.0
3571,2.0
3572,13.0
3573,0.0
3574,1.0
3575,0.0
3576,0.0
3577,0.0
3578,17.0
3579,1.0
3580,12.0
3581,3.0
3582,17.0
3583,4.0
3584,0.0
3585,0.0
3586,20.0
3587,1.0
3588,0.0
3589,16.0
3590,2.0
3591,8.0
3592,51.0
3593,1.0
3594,11.0
3595,8.0
3596,5.0
3597,9.0
3598,1.0
3599,3.0
3600,3.0
3601,0.0
3602,8.0
3603,1.0
3604,5.0
3605,0.0
3606,7.0
3607,10.0
3608,3.0
3609,0.0
3610,0.0
3611,12.0
3612,0.0
3613,0.0
3614,6.0
3615,0.0
3616,0.0
3617,45.0
3618,0.0
3619,1.0
3620,1.0
3621,1.0
3622,1.0
3623,0.0
3624,0.0
3625,27.0
3626,17.0
3627,0.0
3628,0.0
3629,3.0
3630,1.0
3631,9.0
3632,3.0
3633,15.0
3634,0.0
3635,13.0
3636,2.0
3637,1.0
3638,0.0
3639,0.0
3640,20.0
3641,1.0
3642,0.0
3643,3.0
3644,3.0
3645,4.0
3646,4.0
3647,1.0
3648,1.0
3649,1.0
3650,2.0
3651,0.0
3652,1.0
3653,0.0
3654,1.0
3655,0.0
3656,12.0
3657,19.0
3658,19.0
3659,0.0
3660,31.0
3661,0.0
3662,2.0
3663,23.0
3664,21.0
3665,9.0
3666,0.0
3667,30.0
3668,0.0
3669,0.0
3670,3.0
3671,13.0
3672,3.0
3673,3.0
3674,7.0
3675,0.0
3676,22.0
3677,2.0
3678,4.0
3679,0.0
3680,0.0
3681,1.0
3682,1.0
3683,1.0
3684,2.0
3685,1.0
3686,1.0
3687,3.0
3688,0.0
3689,10.0
3690,11.0
3691,10.0
3692,8.0
3693,1.0
3694,1.0
3695,18.0
3696,0.0
3697,8.0
3698,0.0
3699,1.0
3700,1.0
3701,5.0
3702,1.0
3703,5.0
3704,0.0
3705,1.0
3706,1.0
3707,3.0
3708,0.0
3709,0.0
3710,0.0
3711,5.0
3712,14.0
3713,1.0
3714,6.0
3715,0.0
3716,1.0
3717,0.0
3718,11.0
3719,0.0
3720,17.0
3721,2.0
3722,2.0
3723,12.0
3724,4.0
3725,66.0
3726,2.0
3727,52.0
3728,22.0
3729,22.0
3730,28.0
3731,0.0
3732,1.0
3733,41.0
3734,18.0
3735,3.0
3736,61.0
3737,0.0
3738,23.0
3739,29.0
3740,6.0
3741,0.0
3742,0.0
3743,3.0
3744,1.0
3745,13.0
3746,0.0
3747,8.0
3748,55.0
3749,0.0
3750,2.0
3751,3.0
3752,3.0
3753,3.0
3754,0.0
3755,9.0
3756,38.0
3757,0.0
3758,20.0
3759,15.0
3760,0.0
3761,8.0
3762,0.0
3763,0.0
3764,1.0
3765,0.0
3766,1.0
3767,3.0
3768,1.0
3769,1.0
3770,0.0
3771,0.0
3772,0.0
3773,3.0
3774,0.0
3775,1.0
3776,0.0
3777,1.0
3778,0.0
3779,7.0
3780,2.0
3781,11.0
3782,5.0
3783,0.0
3784,0.0
3785,0.0
3786,14.0
3787,10.0
3788,1.0
3789,0.0
3790,0.0
3791,1.0
3792,1.0
3793,0.0
3794,0.0
3795,5.0
3796,3.0
3797,3.0
3798,2.0
3799,17.0
3800,1.0
3801,1.0
3802,6.0
3803,0.0
3804,1.0
3805,1.0
3806,0.0
3807,0.0
3808,10.0
3809,37.0
3810,17.0
3811,1.0
3812,1.0
3813,0.0
3814,30.0
3815,21.0
3816,0.0
3817,48.0
3818,4.0
3819,4.0
3820,6.0
3821,25.0
3822,0.0
3823,8.0
3824,3.0
3825,3.0
3826,0.0
3827,1.0
3828,9.0
3829,1.0
3830,0.0
3831,4.0
3832,0.0
3833,0.0
3834,1.0
3835,0.0
3836,28.0
3837,1.0
3838,0.0
3839,4.0
3840,170.0
3841,0.0
3842,12.0
3843,0.0
3844,0.0
3845,0.0
3846,13.0
3847,9.0
3848,2.0
3849,0.0
3850,0.0
3851,1.0
3852,4.0
3853,7.0
3854,7.0
3855,0.0
3856,0.0
3857,5.0
3858,1.0
3859,0.0
3860,0.0
3861,1.0
3862,9.0
3863,4.0
3864,4.0
3865,4.0
3866,4.0
3867,0.0
3868,0.0
3869,4.0
3870,0.0
3871,1.0
3872,14.0
3873,24.0
3874,24.0
3875,0.0
3876,0.0
3877,0.0
3878,1.0
3879,0.0
3880,2.0
3881,10.0
3882,10.0
3883,0.0
3884,14.0
3885,40.0
3886,1.0
3887,0.0
3888,6.0
3889,20.0
3890,1.0
3891,25.0
3892,11.0
3893,0.0
3894,0.0
3895,7.0
3896,3.0
3897,0.0
3898,0.0
3899,3.0
3900,8.0
3901,90.0
3902,0.0
3903,13.0
3904,13.0
3905,13.0
3906,13.0
3907,13.0
3908,12.0
3909,13.0
3910,43.0
3911,43.0
3912,43.0
3913,0.0
3914,0.0
3915,12.0
3916,1.0
3917,1.0
3918,1.0
3919,1.0
3920,0.0
3921,0.0
3922,0.0
3923,0.0
3924,15.0
3925,1.0
3926,0.0
3927,0.0
3928,0.0
3929,0.0
3930,0.0
3931,0.0
3932,1.0
3933,5.0
3934,1.0
3935,0.0
3936,4.0
3937,0.0
3938,0.0
3939,0.0
3940,0.0
3941,18.0
3942,14.0
3943,1.0
3944,0.0
3945,8.0
3946,0.0
3947,2.0
3948,0.0
3949,0.0
3950,3.0
3951,3.0
3952,11.0
3953,7.0
3954,0.0
3955,0.0
3956,48.0
3957,0.0
3958,2.0
3959,1.0
3960,0.0
3961,0.0
3962,0.0
3963,0.0
3964,3.0
3965,0.0
3966,2.0
3967,1.0
3968,1.0
3969,6.0
3970,0.0
3971,0.0
3972,3.0
3973,13.0
3974,3.0
3975,0.0
3976,5.0
3977,0.0
3978,0.0
3979,0.0
3980,0.0
3981,0.0
3982,0.0
3983,21.0
3984,1.0
3985,0.0
3986,3.0
3987,0.0
3988,0.0
3989,1.0
3990,1.0
3991,0.0
3992,28.0
3993,1.0
3994,0.0
3995,0.0
3996,3.0
3997,0.0
3998,0.0
3999,0.0
4000,0.0
4001,0.0
4002,0.0
4003,12.0
4004,33.0
4005,13.0
4006,0.0
4007,10.0
4008,10.0
4009,7.0
4010,1.0
4011,0.0
4012,0.0
4013,3.0
4014,3.0
4015,4.0
4016,21.0
4017,72.0
4018,0.0
4019,0.0
4020,0.0
4021,16.0
4022,50.0
4023,3.0
4024,0.0
4025,6.0
4026,6.0
4027,6.0
4028,8.0
4029,0.0
4030,0.0
4031,0.0
4032,0.0
4033,0.0
4034,0.0
4035,0.0
4036,2.0
4037,11.0
4038,0.0
4039,0.0
4040,0.0
4041,26.0
4042,0.0
4043,0.0
4044,0.0
4045,0.0
4046,1.0
4047,1.0
4048,66.0
4049,1.0
4050,15.0
4051,35.0
4052,35.0
4053,2.0
4054,0.0
4055,0.0
4056,1.0
4057,0.0
4058,14.0
4059,64.0
4060,64.0
4061,59.0
4062,64.0
4063,64.0
4064,1.0
4065,1.0
4066,1.0
4067,0.0
4068,1.0
4069,0.0
4070,18.0
4071,3.0
4072,0.0
4073,0.0
4074,0.0
4075,0.0
4076,0.0
4077,2.0
4078,2.0
4079,7.0
4080,6.0
4081,0.0
4082,0.0
4083,0.0
4084,0.0
4085,0.0
4086,6.0
4087,0.0
4088,0.0
4089,0.0
4090,0.0
4091,0.0
4092,34.0
4093,4.0
4094,1.0
4095,2.0
4096,1.0
4097,0.0
4098,1.0
4099,1.0
4100,0.0
4101,0.0
4102,0.0
4103,1.0
4104,0.0
4105,0.0
4106,3.0
4107,7.0
4108,0.0
4109,0.0
4110,12.0
4111,3.0
4112,12.0
4113,0.0
4114,5.0
4115,24.0
4116,0.0
4117,2.0
4118,21.0
4119,29.0
4120,1.0
4121,13.0
4122,0.0
4123,0.0
4124,0.0
4125,1.0
4126,0.0
4127,1.0
4128,1.0
4129,0.0
4130,0.0
4131,0.0
4132,0.0
4133,1.0
4134,2.0
4135,2.0
4136,0.0
4137,2.0
4138,8.0
4139,2.0
4140,1.0
4141,1.0
4142,3.0
4143,0.0
4144,0.0
4145,2.0
4146,2.0
4147,1.0
4148,3.0
4149,10.0
4150,1.0
4151,0.0
4152,0.0
4153,1.0
4154,1.0
4155,5.0
4156,28.0
4157,4.0
4158,0.0
4159,3.0
4160,3.0
4161,4.0
4162,1.0
4163,0.0
4164,9.0
4165,0.0
4166,0.0
4167,1.0
4168,5.0
4169,29.0
4170,0.0
4171,0.0
4172,0.0
4173,4.0
4174,1.0
4175,0.0
4176,5.0
4177,5.0
4178,1.0
4179,0.0
4180,0.0
4181,11.0
4182,3.0
4183,4.0
4184,1.0
4185,1.0
4186,2.0
4187,1.0
4188,1.0
4189,7.0
4190,6.0
4191,6.0
4192,6.0
4193,8.0
4194,8.0
4195,9.0
4196,9.0
4197,9.0
4198,0.0
4199,0.0
4200,1.0
4201,1.0
4202,3.0
4203,0.0
4204,0.0
4205,1.0
4206,2.0
4207,69.0
4208,6.0
4209,5.0
4210,0.0
4211,0.0
4212,5.0
4213,5.0
4214,22.0
4215,8.0
4216,0.0
4217,0.0
4218,0.0
4219,0.0
4220,0.0
4221,0.0
4222,0.0
4223,0.0
4224,0.0
4225,9.0
4226,11.0
4227,2.0
4228,65.0
4229,64.0
4230,6.0
4231,0.0
4232,9.0
4233,8.0
4234,0.0
4235,1.0
4236,9.0
4237,0.0
4238,0.0
4239,1.0
4240,1.0
4241,0.0
4242,0.0
4243,0.0
4244,0.0
4245,0.0
4246,0.0
4247,0.0
4248,0.0
4249,24.0
4250,5.0
4251,0.0
4252,9.0
4253,0.0
4254,1.0
4255,2.0
4256,3.0
4257,13.0
4258,12.0
4259,0.0
4260,2.0
4261,1.0
4262,0.0
4263,0.0
4264,1.0
4265,16.0
4266,15.0
4267,2.0
4268,4.0
4269,0.0
4270,3.0
4271,1.0
4272,1.0
4273,1.0
4274,0.0
4275,0.0
4276,5.0
4277,38.0
4278,4.0
4279,4.0
4280,9.0
4281,9.0
4282,9.0
4283,9.0
4284,9.0
4285,9.0
4286,9.0
4287,10.0
4288,10.0
4289,10.0
4290,10.0
4291,11.0
4292,8.0
4293,18.0
4294,36.0
4295,36.0
4296,36.0
4297,36.0
4298,36.0
4299,1.0
4300,1.0
4301,2.0
4302,46.0
4303,1.0
4304,0.0
4305,0.0
4306,0.0
4307,31.0
4308,0.0
4309,0.0
4310,0.0
4311,1.0
4312,5.0
4313,4.0
4314,0.0
4315,0.0
4316,19.0
4317,0.0
4318,1.0
4319,0.0
4320,0.0
4321,1.0
4322,0.0
4323,0.0
4324,0.0
4325,0.0
4326,9.0
4327,0.0
4328,0.0
4329,0.0
4330,0.0
4331,1.0
4332,12.0
4333,0.0
4334,1.0
4335,23.0
4336,0.0
4337,4.0
4338,0.0
4339,0.0
4340,0.0
4341,3.0
4342,7.0
4343,27.0
4344,0.0
4345,4.0
4346,13.0
4347,0.0
4348,0.0
4349,5.0
4350,0.0
4351,0.0
4352,0.0
4353,0.0
4354,1.0
4355,0.0
4356,17.0
4357,1.0
4358,0.0
4359,0.0
4360,0.0
4361,0.0
4362,0.0
4363,3.0
4364,1.0
4365,0.0
4366,18.0
4367,1.0
4368,13.0
4369,1.0
4370,1.0
4371,1.0
4372,0.0
4373,5.0
4374,0.0
4375,1.0
4376,0.0
4377,0.0
4378,0.0
4379,1.0
4380,1.0
4381,8.0
4382,21.0
4383,21.0
4384,6.0
4385,2.0
4386,106.0
4387,1.0
4388,1.0
4389,1.0
4390,0.0
4391,4.0
4392,4.0
4393,2.0
4394,0.0
4395,0.0
4396,0.0
4397,1.0
4398,1.0
4399,0.0
4400,8.0
4401,0.0
4402,0.0
4403,3.0
4404,3.0
4405,0.0
4406,0.0
4407,0.0
4408,0.0
4409,0.0
4410,0.0
4411,5.0
4412,0.0
4413,23.0
4414,0.0
4415,0.0
4416,0.0
4417,32.0
4418,7.0
4419,21.0
4420,28.0
4421,0.0
4422,0.0
4423,0.0
4424,50.0
4425,0.0
4426,30.0
4427,0.0
4428,20.0
4429,22.0
4430,79.0
4431,0.0
4432,0.0
4433,46.0
4434,47.0
4435,47.0
4436,48.0
4437,48.0
4438,48.0
4439,49.0
4440,52.0
4441,0.0
4442,0.0
4443,0.0
4444,1.0
4445,0.0
4446,1.0
4447,0.0
4448,0.0
4449,7.0
4450,23.0
4451,0.0
4452,16.0
4453,1.0
4454,2.0
4455,0.0
4456,1.0
4457,1.0
4458,1.0
4459,2.0
4460,0.0
4461,0.0
4462,1.0
4463,1.0
4464,0.0
4465,0.0
4466,1.0
4467,3.0
4468,3.0
4469,8.0
4470,10.0
4471,2.0
4472,0.0
4473,0.0
4474,0.0
4475,0.0
4476,1.0
4477,1.0
4478,1.0
4479,1.0
4480,0.0
4481,1.0
4482,10.0
4483,6.0
4484,3.0
4485,0.0
4486,0.0
4487,0.0
4488,18.0
4489,0.0
4490,0.0
4491,0.0
4492,0.0
4493,1.0
4494,3.0
4495,4.0
4496,0.0
4497,0.0
4498,0.0
4499,14.0
4500,14.0
4501,2.0
4502,0.0
4503,4.0
4504,3.0
4505,1.0
4506,6.0
4507,8.0
4508,0.0
4509,1.0
4510,4.0
4511,0.0
4512,0.0
4513,5.0
4514,13.0
4515,9.0
4516,15.0
4517,1.0
4518,34.0
4519,0.0
4520,0.0
4521,0.0
4522,0.0
4523,2.0
4524,0.0
4525,10.0
4526,15.0
4527,0.0
4528,0.0
4529,0.0
4530,18.0
4531,0.0
4532,99.0
4533,4.0
4534,0.0
4535,10.0
4536,0.0
4537,0.0
4538,2.0
4539,0.0
4540,12.0
4541,12.0
4542,0.0
4543,0.0
4544,0.0
4545,0.0
4546,0.0
4547,0.0
4548,0.0
4549,0.0
4550,7.0
4551,0.0
4552,0.0
4553,1.0
4554,4.0
4555,0.0
4556,0.0
4557,0.0
4558,1.0
4559,0.0
4560,5.0
4561,0.0
4562,0.0
4563,0.0
4564,9.0
4565,0.0
4566,5.0
4567,10.0
4568,1.0
4569,1.0
4570,1.0
4571,26.0
4572,26.0
4573,26.0
4574,26.0
4575,26.0
4576,26.0
4577,26.0
4578,80.0
4579,111.0
4580,111.0
4581,111.0
4582,69.0
4583,4.0
4584,72.0
4585,72.0
4586,72.0
4587,72.0
4588,72.0
4589,28.0
4590,2.0
4591,3.0
4592,4.0
4593,0.0
4594,2.0
4595,7.0
4596,0.0
4597,1.0
4598,1.0
4599,0.0
4600,0.0
4601,1.0
4602,0.0
4603,0.0
4604,0.0
4605,0.0
4606,41.0
4607,66.0
4608,0.0
4609,2.0
4610,0.0
4611,0.0
4612,0.0
4613,0.0
4614,71.0
4615,0.0
4616,5.0
4617,0.0
4618,0.0
4619,5.0
4620,0.0
4621,0.0
4622,3.0
4623,16.0
4624,0.0
4625,57.0
4626,25.0
4627,0.0
4628,0.0
4629,1.0
4630,0.0
4631,0.0
4632,1.0
4633,0.0
4634,0.0
4635,0.0
4636,0.0
4637,3.0
4638,35.0
4639,14.0
4640,27.0
4641,3.0
4642,0.0
4643,0.0
4644,1.0
4645,1.0
4646,0.0
4647,0.0
4648,0.0
4649,11.0
4650,0.0
4651,0.0
4652,31.0
4653,0.0
4654,10.0
4655,0.0
4656,0.0
4657,0.0
4658,9.0
4659,3.0
4660,0.0
4661,1.0
4662,1.0
4663,1.0
4664,1.0
4665,0.0
4666,1.0
4667,1.0
4668,0.0
4669,0.0
4670,0.0
4671,1.0
4672,0.0
4673,3.0
4674,12.0
4675,9.0
4676,0.0
4677,0.0
4678,0.0
4679,0.0
4680,3.0
4681,3.0
4682,4.0
4683,0.0
4684,0.0
4685,0.0
4686,0.0
4687,0.0
4688,2.0
4689,4.0
4690,3.0
4691,42.0
4692,24.0
4693,16.0
4694,31.0
4695,0.0
4696,0.0
4697,0.0
4698,0.0
4699,0.0
4700,0.0
4701,5.0
4702,0.0
4703,0.0
4704,0.0
4705,3.0
4706,0.0
4707,0.0
4708,0.0
4709,0.0
4710,0.0
4711,0.0
4712,0.0
4713,0.0
4714,0.0
4715,0.0
4716,0.0
4717,21.0
4718,2.0
4719,3.0
4720,3.0
4721,0.0
4722,2.0
4723,0.0
4724,19.0
4725,19.0
4726,22.0
4727,22.0
4728,33.0
4729,32.0
4730,33.0
4731,78.0
4732,78.0
4733,78.0
4734,0.0
4735,0.0
4736,0.0
4737,0.0
4738,0.0
4739,0.0
4740,0.0
4741,0.0
4742,3.0
4743,0.0
4744,0.0
4745,5.0
4746,1.0
4747,11.0
4748,0.0
4749,0.0
4750,0.0
4751,7.0
4752,1.0
4753,9.0
4754,0.0
4755,18.0
4756,2.0
4757,20.0
4758,0.0
4759,6.0
4760,4.0
4761,0.0
4762,0.0
4763,13.0
4764,0.0
4765,2.0
4766,0.0
4767,0.0
4768,0.0
4769,0.0
4770,0.0
4771,1.0
4772,1.0
4773,1.0
4774,1.0
4775,1.0
4776,10.0
4777,0.0
4778,1.0
4779,1.0
4780,1.0
4781,1.0
4782,2.0
4783,2.0
4784,2.0
4785,5.0
4786,23.0
4787,28.0
4788,0.0
4789,2.0
4790,0.0
4791,0.0
4792,12.0
4793,0.0
4794,0.0
4795,3.0
4796,0.0
4797,19.0
4798,0.0
4799,0.0
4800,0.0
4801,0.0
4802,1.0
4803,1.0
4804,0.0
4805,11.0
4806,10.0
4807,4.0
4808,0.0
4809,0.0
4810,3.0
4811,2.0
4812,1.0
4813,0.0
4814,11.0
4815,0.0
4816,0.0
4817,0.0
4818,4.0
4819,4.0
4820,6.0
4821,1.0
4822,0.0
4823,0.0
4824,13.0
4825,13.0
4826,2.0
4827,1.0
4828,0.0
4829,12.0
4830,0.0
4831,0.0
4832,0.0
4833,0.0
4834,0.0
4835,0.0
4836,1.0
4837,4.0
4838,44.0
4839,1.0
4840,12.0
4841,12.0
4842,12.0
4843,12.0
4844,12.0
4845,12.0
4846,12.0
4847,12.0
4848,12.0
4849,12.0
4850,12.0
4851,12.0
4852,12.0
4853,12.0
4854,12.0
4855,12.0
4856,12.0
4857,12.0
4858,12.0
4859,12.0
4860,50.0
4861,29.0
4862,6.0
4863,0.0
4864,17.0
4865,1.0
4866,1.0
4867,0.0
4868,0.0
4869,0.0
4870,0.0
4871,0.0
4872,0.0
4873,1.0
4874,0.0
4875,0.0
4876,22.0
4877,3.0
4878,0.0
4879,6.0
4880,0.0
4881,3.0
4882,0.0
4883,0.0
4884,2.0
4885,0.0
4886,7.0
4887,0.0
4888,2.0
4889,0.0
4890,5.0
4891,0.0
4892,0.0
4893,0.0
4894,0.0
4895,0.0
4896,5.0
4897,0.0
4898,0.0
4899,26.0
4900,0.0
4901,9.0
4902,8.0
4903,21.0
4904,2.0
4905,4.0
4906,3.0
4907,5.0
4908,0.0
4909,5.0
4910,0.0
4911,0.0
4912,0.0
4913,0.0
4914,8.0
4915,2.0
4916,2.0
4917,2.0
4918,1.0
4919,1.0
4920,1.0
4921,1.0
4922,2.0
4923,0.0
4924,12.0
4925,3.0
4926,5.0
4927,2.0
4928,0.0
4929,1.0
4930,9.0
4931,0.0
4932,0.0
4933,13.0
4934,6.0
4935,7.0
4936,7.0
4937,0.0
4938,0.0
4939,0.0
4940,0.0
4941,0.0
4942,0.0
4943,2.0
4944,3.0
4945,7.0
4946,0.0
4947,1.0
4948,0.0
4949,22.0
4950,14.0
4951,0.0
4952,3.0
4953,1.0
4954,0.0
4955,0.0
4956,1.0
4957,0.0
4958,4.0
4959,4.0
4960,0.0
4961,0.0
4962,22.0
4963,2.0
4964,0.0
4965,0.0
4966,1.0
4967,0.0
4968,10.0
4969,5.0
4970,16.0
4971,38.0
4972,25.0
4973,25.0
4974,43.0
4975,44.0
4976,44.0
4977,29.0
4978,0.0
4979,0.0
4980,3.0
4981,3.0
4982,4.0
4983,9.0
4984,0.0
4985,5.0
4986,39.0
4987,0.0
4988,7.0
4989,47.0
4990,63.0
4991,35.0
4992,18.0
4993,18.0
4994,0.0
4995,57.0
4996,0.0
4997,0.0
4998,50.0
4999,0.0
5000,0.0
5001,0.0
5002,0.0
5003,0.0
5004,3.0
5005,3.0
5006,0.0
5007,0.0
5008,0.0
5009,0.0
5010,0.0
5011,221.0
5012,0.0
5013,1.0
5014,7.0
5015,29.0
5016,29.0
5017,0.0
5018,0.0
5019,1.0
5020,1.0
5021,0.0
5022,7.0
5023,0.0
5024,0.0
5025,1.0
5026,0.0
5027,0.0
5028,0.0
5029,1.0
5030,0.0
5031,0.0
5032,0.0
5033,0.0
5034,0.0
5035,0.0
5036,0.0
5037,0.0
5038,11.0
5039,4.0
5040,11.0
5041,6.0
5042,6.0
5043,6.0
5044,6.0
5045,0.0
5046,20.0
5047,1.0
5048,1.0
5049,1.0
5050,25.0
5051,2.0
5052,0.0
5053,0.0
5054,46.0
5055,1.0
5056,0.0
5057,0.0
5058,0.0
5059,5.0
5060,0.0
5061,0.0
5062,0.0
5063,0.0
5064,0.0
5065,0.0
5066,3.0
5067,3.0
5068,0.0
5069,0.0
5070,0.0
5071,0.0
5072,3.0
5073,0.0
5074,4.0
5075,4.0
5076,17.0
5077,1.0
5078,7.0
5079,0.0
5080,0.0
5081,0.0
5082,0.0
5083,0.0
5084,0.0
5085,0.0
5086,0.0
5087,0.0
5088,1.0
5089,0.0
5090,1.0
5091,0.0
5092,2.0
5093,0.0
5094,11.0
5095,0.0
5096,0.0
5097,0.0
5098,6.0
5099,3.0
5100,3.0
5101,3.0
5102,3.0
5103,0.0
5104,65.0
5105,1.0
5106,1.0
5107,4.0
5108,0.0
5109,0.0
5110,50.0
5111,0.0
5112,1.0
5113,0.0
5114,0.0
5115,0.0
5116,0.0
5117,8.0
5118,52.0
5119,0.0
5120,0.0
5121,85.0
5122,1.0
5123,40.0
5124,13.0
5125,27.0
5126,55.0
5127,63.0
5128,63.0
5129,78.0
5130,10.0
5131,54.0
5132,1.0
5133,0.0
5134,1.0
5135,4.0
5136,1.0
5137,2.0
5138,24.0
5139,0.0
5140,4.0
5141,10.0
5142,0.0
5143,1.0
5144,6.0
5145,7.0
5146,7.0
5147,0.0
5148,7.0
5149,0.0
5150,8.0
5151,2.0
5152,0.0
5153,0.0
5154,2.0
5155,3.0
5156,5.0
5157,0.0
5158,0.0
5159,3.0
5160,3.0
5161,0.0
5162,33.0
5163,4.0
5164,4.0
5165,4.0
5166,0.0
5167,0.0
5168,1.0
5169,5.0
5170,0.0
5171,0.0
5172,0.0
5173,4.0
5174,4.0
5175,0.0
5176,0.0
5177,0.0
5178,7.0
5179,1.0
5180,1.0
5181,0.0
5182,0.0
5183,0.0
5184,14.0
5185,1.0
5186,0.0
5187,44.0
5188,17.0
5189,25.0
5190,0.0
5191,0.0
5192,26.0
5193,0.0
5194,0.0
5195,0.0
5196,4.0
5197,0.0
5198,1.0
5199,6.0
5200,0.0
5201,1.0
5202,5.0
5203,56.0
5204,12.0
5205,27.0
5206,8.0
5207,0.0
5208,1.0
5209,1.0
5210,0.0
5211,0.0
5212,2.0
5213,0.0
5214,1.0
5215,3.0
5216,0.0
5217,0.0
5218,0.0
5219,29.0
5220,5.0
5221,10.0
5222,0.0
5223,1.0
5224,2.0
5225,2.0
5226,0.0
5227,7.0
5228,22.0
5229,1.0
5230,1.0
5231,1.0
5232,1.0
5233,12.0
5234,1.0
5235,0.0
5236,0.0
5237,1.0
5238,0.0
5239,11.0
5240,4.0
5241,0.0
5242,0.0
5243,0.0
5244,0.0
5245,0.0
5246,1.0
5247,17.0
5248,27.0
5249,3.0
5250,2.0
5251,14.0
5252,39.0
5253,46.0
5254,0.0
5255,34.0
5256,0.0
5257,10.0
5258,45.0
5259,43.0
5260,22.0
5261,7.0
5262,30.0
5263,0.0
5264,5.0
5265,0.0
5266,0.0
5267,0.0
5268,0.0
5269,0.0
5270,56.0
5271,1.0
5272,16.0
5273,7.0
5274,0.0
5275,0.0
5276,2.0
5277,2.0
5278,2.0
5279,0.0
5280,0.0
5281,5.0
5282,1.0
5283,0.0
5284,0.0
5285,1.0
5286,0.0
5287,1.0
5288,0.0
5289,0.0
5290,1.0
5291,4.0
5292,0.0
5293,5.0
5294,0.0
5295,31.0
5296,3.0
5297,0.0
5298,0.0
5299,0.0
5300,0.0
5301,0.0
5302,0.0
5303,0.0
5304,0.0
5305,0.0
5306,0.0
5307,0.0
5308,0.0
5309,1.0
5310,0.0
5311,0.0
5312,0.0
5313,7.0
5314,14.0
5315,0.0
5316,21.0
5317,3.0
5318,59.0
5319,0.0
5320,0.0
5321,0.0
5322,0.0
5323,0.0
5324,0.0
5325,7.0
5326,0.0
5327,0.0
5328,0.0
5329,0.0
5330,0.0
5331,0.0
5332,0.0
5333,1.0
5334,64.0
5335,81.0
5336,2.0
5337,5.0
5338,12.0
5339,35.0
5340,56.0
5341,9.0
5342,13.0
5343,58.0
5344,25.0
5345,18.0
5346,28.0
5347,18.0
5348,52.0
5349,53.0
5350,21.0
5351,0.0
5352,0.0
5353,3.0
5354,2.0
5355,0.0
5356,0.0
5357,0.0
5358,0.0
5359,1.0
5360,0.0
5361,9.0
5362,6.0
5363,1.0
5364,1.0
5365,0.0
5366,0.0
5367,0.0
5368,0.0
5369,0.0
5370,0.0
5371,0.0
5372,4.0
5373,0.0
5374,0.0
5375,1.0
5376,16.0
5377,0.0
5378,0.0
5379,0.0
5380,1.0
5381,15.0
5382,27.0
5383,0.0
5384,0.0
5385,0.0
5386,0.0
5387,0.0
5388,0.0
5389,0.0
5390,0.0
5391,5.0
5392,14.0
5393,0.0
5394,17.0
5395,0.0
5396,10.0
5397,32.0
5398,53.0
5399,6.0
5400,3.0
5401,3.0
5402,13.0
5403,1.0
5404,1.0
5405,0.0
5406,0.0
5407,0.0
5408,2.0
5409,0.0
5410,0.0
5411,0.0
5412,0.0
5413,0.0
5414,0.0
5415,0.0
5416,0.0
5417,7.0
5418,7.0
5419,0.0
5420,0.0
5421,0.0
5422,0.0
5423,27.0
5424,7.0
5425,0.0
5426,6.0
5427,0.0
5428,12.0
5429,18.0
5430,18.0
5431,4.0
5432,1.0
5433,2.0
5434,0.0
5435,0.0
5436,0.0
5437,0.0
5438,0.0
5439,0.0
5440,0.0
5441,0.0
5442,1.0
5443,13.0
5444,1.0
5445,0.0
5446,0.0
5447,3.0
5448,9.0
5449,46.0
5450,42.0
5451,0.0
5452,34.0
5453,0.0
5454,7.0
5455,0.0
5456,0.0
5457,0.0
5458,5.0
5459,0.0
5460,1.0
5461,4.0
5462,0.0
5463,2.0
5464,12.0
5465,0.0
5466,6.0
5467,0.0
5468,2.0
5469,0.0
5470,0.0
5471,11.0
5472,1.0
5473,0.0
5474,1.0
5475,1.0
5476,1.0
5477,1.0
5478,0.0
5479,2.0
5480,3.0
5481,1.0
5482,1.0
5483,73.0
5484,112.0
5485,0.0
5486,1.0
5487,0.0
5488,12.0
5489,13.0
5490,0.0
5491,0.0
5492,0.0
5493,9.0
5494,1.0
5495,1.0
5496,0.0
5497,0.0
5498,0.0
5499,4.0
5500,681.0
5501,1.0
5502,1.0
5503,0.0
5504,0.0
5505,0.0
5506,8.0
5507,5.0
5508,0.0
5509,0.0
5510,0.0
5511,0.0
5512,0.0
5513,0.0
5514,21.0
5515,10.0
5516,19.0
5517,28.0
5518,39.0
5519,50.0
5520,0.0
5521,6.0
5522,19.0
5523,40.0
5524,33.0
5525,75.0
5526,0.0
5527,0.0
5528,0.0
5529,0.0
5530,2.0
5531,0.0
5532,0.0
5533,3.0
5534,0.0
5535,1.0
5536,1.0
5537,3.0
5538,1.0
5539,150.0
5540,3.0
5541,3.0
5542,0.0
5543,7.0
5544,7.0
5545,0.0
5546,5.0
5547,7.0
5548,0.0
5549,0.0
5550,0.0
5551,17.0
5552,0.0
5553,0.0
5554,0.0
5555,0.0
5556,0.0
5557,0.0
5558,0.0
5559,0.0
5560,1.0
5561,5.0
5562,5.0
5563,-185.0
5564,0.0
5565,-185.0
5566,0.0
5567,2.0
5568,0.0
5569,25.0
5570,0.0
5571,0.0
5572,0.0
5573,1.0
5574,14.0
5575,0.0
5576,122.0
5577,0.0
5578,0.0
5579,0.0
5580,1.0
5581,3.0
5582,0.0
5583,0.0
5584,0.0
5585,0.0
5586,1.0
5587,12.0
5588,0.0
5589,57.0
5590,57.0
5591,57.0
5592,57.0
5593,1.0
5594,8.0
5595,0.0
5596,0.0
5597,1.0
5598,2.0
5599,2.0
5600,0.0
5601,0.0
5602,0.0
5603,0.0
5604,0.0
5605,9.0
5606,15.0
5607,4.0
5608,0.0
5609,5.0
5610,1.0
5611,1.0
5612,0.0
5613,0.0
5614,0.0
5615,0.0
5616,23.0
5617,1.0
5618,1.0
5619,1.0
5620,4.0
5621,3.0
5622,0.0
5623,10.0
5624,2.0
5625,0.0
5626,1.0
5627,14.0
5628,4.0
5629,4.0
5630,66.0
5631,104.0
5632,39.0
5633,41.0
5634,8.0
5635,23.0
5636,441.0
5637,71.0
5638,0.0
5639,58.0
5640,76.0
5641,76.0
5642,2.0
5643,0.0
5644,11.0
5645,10.0
5646,0.0
5647,0.0
5648,3.0
5649,0.0
5650,0.0
5651,0.0
5652,0.0
5653,0.0
5654,6.0
5655,4.0
5656,1.0
5657,29.0
5658,1.0
5659,1.0
5660,4.0
5661,4.0
5662,11.0
5663,30.0
5664,3.0
5665,0.0
5666,18.0
5667,0.0
5668,0.0
5669,1.0
5670,1.0
5671,0.0
5672,0.0
5673,0.0
5674,0.0
5675,1.0
5676,0.0
5677,0.0
5678,0.0
5679,0.0
5680,14.0
5681,20.0
5682,5.0
5683,0.0
5684,27.0
5685,27.0
5686,1.0
5687,1.0
5688,1.0
5689,1.0
5690,0.0
5691,0.0
5692,0.0
5693,0.0
5694,13.0
5695,4.0
5696,1.0
5697,0.0
5698,2.0
5699,0.0
5700,0.0
5701,0.0
5702,3.0
5703,0.0
5704,0.0
5705,1.0
5706,0.0
5707,0.0
5708,0.0
5709,11.0
5710,0.0
5711,0.0
5712,0.0
5713,0.0
5714,0.0
5715,0.0
5716,0.0
5717,0.0
5718,2.0
5719,96.0
5720,6.0
5721,72.0
5722,6.0
5723,37.0
5724,12.0
5725,0.0
5726,0.0
5727,0.0
5728,0.0
5729,0.0
5730,0.0
5731,0.0
5732,9.0
5733,88.0
5734,80.0
5735,84.0
5736,84.0
5737,102.0
5738,109.0
5739,115.0
5740,115.0
5741,115.0
5742,115.0
5743,116.0
5744,116.0
5745,116.0
5746,116.0
5747,116.0
5748,116.0
5749,116.0
5750,116.0
5751,0.0
5752,25.0
5753,0.0
5754,0.0
5755,0.0
5756,0.0
5757,0.0
