,commitment,type
0,133920,H
1,590503,H
2,319974,H
3,1903986,H
4,364305,H
5,152568,H
6,1888,H
7,90560,H
8,213744,H
9,1395031,H
10,1665000,H
11,6800472,H
12,1501100,H
13,6664,H
14,43911,H
15,308356,H
16,144606,H
17,5320,H
18,452,H
19,8740,H
20,33200,H
21,59898,H
22,1636194,H
23,842595,H
24,60697,H
25,22050,H
26,190820,H
27,16148,H
28,179465,H
29,15,H
30,37524,H
31,27360,H
32,75396,H
33,98518,H
34,13167,H
35,1136,H
36,18,H
37,4640,H
38,4042710,H
39,0,H
40,59202,H
41,2996,H
42,65860,H
43,232400,H
44,42504,H
45,381,H
46,793914,H
47,3263649,H
48,54774,H
49,54656,H
50,3124536,H
51,14427,H
52,47300,H
53,10948,H
54,8854,H
55,52030,H
56,37824,H
57,55550,H
58,730,H
59,363150,H
60,14431600,H
61,6456,H
62,2058736,H
63,387730,H
64,4021000,H
65,11770,H
66,778174,H
67,6069147,H
68,5430,H
69,15456,H
70,286104,H
71,1863540,H
72,36872,H
73,2186364,H
74,4,H
75,0,H
76,17220,H
77,2794,H
78,3327624,H
79,2296275,H
80,464094,H
81,54964,H
82,15704,H
83,11343015,H
84,981,H
85,21540,H
86,534,H
87,460,H
88,4379,H
89,108,H
90,8126,H
91,630720,H
92,395646,H
93,5880,H
94,8077,H
95,7144,H
96,69498,H
97,7478804,H
98,10920,H
99,76804,H
100,286286,H
101,252770,H
102,550715,H
103,2209116,H
104,1484126,H
105,668304,H
106,30624,H
107,99918,H
108,55,H
109,12412,H
110,418,H
111,26136,H
112,252010,H
113,904,H
114,720,H
115,18,H
116,0,H
117,1400680,H
118,347880,H
119,1363560,H
120,15660,H
121,1480,H
122,1819800,H
123,53376,H
124,708985,H
125,22457,H
126,1404,H
127,10904,H
128,3729052,H
129,25650,H
130,5415307,H
131,784,H
132,45792,H
133,6611346,H
134,615,H
135,86756,H
136,294,H
137,601088,H
138,248262,H
139,62304,H
140,22340,H
141,18480,H
142,2085288,H
143,7657,H
144,1503650,H
145,304,H
146,544307,H
147,320400,H
148,3526040,H
149,1313235,H
150,506220,H
151,48456,H
152,413712,H
153,1802,H
154,21120,H
155,240,H
156,89760,H
157,440220,H
158,113505,H
159,4480,H
160,50912,H
161,122,H
162,251336,H
163,108996,H
164,3132,H
165,3432,H
166,117156,H
167,1827500,H
168,6778212,H
169,24576,H
170,279,H
171,5229,H
172,855539,H
173,204048,H
174,740784,H
175,92708,H
176,109956,H
177,41202,H
178,150864,H
179,1134350,H
180,59112,H
181,1510224,H
182,28482,H
183,437744,H
184,1171894,H
185,316103,H
186,99372,H
187,328910,H
188,2202776,H
189,9984,H
190,4451348,H
191,738752,H
192,19992,H
193,94,H
194,735600,H
195,549081,H
196,91396,H
197,450110,H
198,789796,H
199,898608,H
200,1700,H
201,112,H
202,10991960,H
203,0,H
204,262446,H
205,1412827,H
206,23940,H
207,302956,H
208,394935,H
209,11072,H
210,28386,H
211,64044,H
212,0,H
213,5858136,H
214,227130,H
215,307545,H
216,1456,H
217,79540,H
218,713754,H
0,22050,DLH
1,0,DLH
2,544307,DLH
3,185,DLH
4,1452,DLH
5,26136,DLH
6,274536,DLH
7,0,DLH
8,27360,DLH
9,37524,DLH
10,37824,DLH
11,116554,DLH
12,2,DLH
13,33200,DLH
14,68376,DLH
15,82855,DLH
16,69498,DLH
17,5510,DLH
18,204,DLH
19,37018,DLH
20,0,DLH
21,166661,DLH
22,0,DLH
23,0,DLH
24,0,DLH
25,318,DLH
26,40,DLH
27,0,DLH
28,0,DLH
29,0,DLH
30,1384740,DLH
31,15456,DLH
32,0,DLH
33,21540,DLH
34,108,DLH
35,6369,DLH
36,4867,DLH
37,540,DLH
38,1092,DLH
39,915,DLH
40,252,DLH
41,0,DLH
42,3526,DLH
43,59202,DLH
44,0,DLH
45,7144,DLH
46,0,DLH
47,1820,DLH
48,0,DLH
49,4423692,DLH
50,17112,DLH
51,8810,DLH
52,341460,DLH
53,12,DLH
54,0,DLH
55,35739,DLH
56,3888,DLH
57,150,DLH
58,1316952,DLH
59,0,DLH
60,0,DLH
61,0,DLH
62,6,DLH
63,10032,DLH
64,5742,DLH
65,3976,DLH
66,21120,DLH
67,601088,DLH
68,170,DLH
69,0,DLH
70,0,DLH
71,0,DLH
72,0,DLH
73,0,DLH
74,8595,DLH
75,68,DLH
76,21,DLH
77,530480,DLH
78,537474,DLH
79,84429,DLH
80,2310750,DLH
81,1224,DLH
82,57,DLH
83,1275,DLH
84,0,DLH
85,1750,DLH
86,0,DLH
87,4641821,DLH
88,30,DLH
89,0,DLH
90,0,DLH
91,90,DLH
92,0,DLH
93,0,DLH
94,0,DLH
95,2520385,DLH
96,4417854,DLH
97,789796,DLH
98,1609520,DLH
99,4042710,DLH
100,11770,DLH
101,1217570,DLH
102,5920,DLH
103,110475,DLH
104,51306,DLH
105,252010,DLH
106,15216,DLH
107,27063,DLH
108,450110,DLH
109,399432,DLH
110,1950,DLH
111,15509,DLH
112,8976,DLH
113,1870848,DLH
114,957678,DLH
115,343315,DLH
116,1530972,DLH
117,184368,DLH
118,2296275,DLH
119,92708,DLH
120,1068174,DLH
121,21240,DLH
122,1148864,DLH
123,1706008,DLH
124,0,DLH
125,1218402,DLH
126,1225785,DLH
127,0,DLH
128,6800472,DLH
129,1328150,DLH
130,21266,DLH
131,610416,DLH
132,30000,DLH
133,263862,DLH
134,1268400,DLH
135,25738,DLH
136,568744,DLH
137,227130,DLH
138,25901,DLH
139,957474,DLH
140,8175,DLH
141,464594,DLH
142,480249,DLH
143,1276132,DLH
144,0,DLH
145,5274,DLH
146,784,DLH
147,0,DLH
148,1771858,DLH
149,0,DLH
150,2350989,DLH
151,2535,DLH
152,29580,DLH
153,354471,DLH
154,20812,DLH
155,534,DLH
156,347880,DLH
157,5566,DLH
158,549081,DLH
159,806600,DLH
160,1288500,DLH
161,981,DLH
162,87725,DLH
163,65844,DLH
164,0,DLH
165,19304,DLH
166,490,DLH
167,4125,DLH
168,466059,DLH
169,5019,DLH
170,5390,DLH
171,0,DLH
172,99918,DLH
173,1275831,DLH
174,90,DLH
175,26260,DLH
176,0,DLH
177,85904,DLH
178,1989420,DLH
179,37245,DLH
180,740784,DLH
181,3124536,DLH
182,133616,DLH
183,2163875,DLH
184,10991960,DLH
185,5450,DLH
186,2390757,DLH
187,231168,DLH
188,8108214,DLH
189,815634,DLH
190,2079360,DLH
191,301696,DLH
192,7632240,DLH
193,1667380,DLH
194,5415307,DLH
195,113953,DLH
196,3228172,DLH
197,1107312,DLH
198,2849829,DLH
199,7478804,DLH
200,643685,DLH
201,0,DLH
0,19320,HMG
1,3263649,HMG
2,1148864,HMG
3,6800472,HMG
4,21504,HMG
5,1530972,HMG
6,393851,HMG
7,871085,HMG
8,3590192,HMG
9,189987,HMG
10,7172000,HMG
11,1180182,HMG
12,484,HMG
13,20629072,HMG
14,1332,HMG
15,102,HMG
16,75040,HMG
17,34979,HMG
18,0,HMG
19,704415,HMG
20,17440,HMG
21,249984,HMG
22,21604,HMG
23,148393,HMG
24,138621,HMG
25,69678,HMG
26,8483110,HMG
27,997715,HMG
28,2525776,HMG
29,1275831,HMG
30,378,HMG
31,78080,HMG
32,99063,HMG
33,1117507,HMG
34,65592,HMG
35,0,HMG
36,4021000,HMG
37,34608,HMG
38,1484,HMG
39,454025,HMG
40,0,HMG
41,285318,HMG
42,738464,HMG
43,32447,HMG
44,15686,HMG
45,7416,HMG
46,1020600,HMG
47,457776,HMG
48,106641,HMG
49,668997,HMG
50,73960,HMG
51,22542,HMG
52,6611346,HMG
53,2289600,HMG
54,0,HMG
55,1297882,HMG
56,464094,HMG
57,3916044,HMG
58,27339,HMG
59,132455,HMG
60,3938940,HMG
61,144606,HMG
62,1667380,HMG
63,13706,HMG
64,19329,HMG
65,10991960,HMG
66,0,HMG
67,40456,HMG
68,549081,HMG
69,28710,HMG
70,3517447,HMG
71,498300,HMG
72,1288224,HMG
73,5745,HMG
74,27459,HMG
75,71344,HMG
76,664464,HMG
77,57372,HMG
78,372444,HMG
79,2072,HMG
80,167616,HMG
81,3782808,HMG
82,78255,HMG
83,630,HMG
84,898608,HMG
85,15732,HMG
86,0,HMG
87,190820,HMG
88,481824,HMG
89,1089,HMG
90,201480,HMG
91,778174,HMG
92,392903,HMG
93,2441832,HMG
94,0,HMG
95,67706,HMG
96,596,HMG
97,3030,HMG
98,65219,HMG
99,559977,HMG
100,37316,HMG
101,10795,HMG
102,127452,HMG
103,0,HMG
104,24969,HMG
105,3630,HMG
106,723457,HMG
107,3327624,HMG
108,273024,HMG
109,2347492,HMG
110,4624620,HMG
111,1833940,HMG
112,595,HMG
113,4451348,HMG
114,17472,HMG
115,0,HMG
116,0,HMG
117,18718,HMG
118,494760,HMG
119,326112,HMG
120,54774,HMG
121,281685,HMG
122,0,HMG
123,0,HMG
124,10580,HMG
125,252544,HMG
126,1071690,HMG
127,816912,HMG
128,0,HMG
129,180205,HMG
130,742540,HMG
131,1107312,HMG
132,406,HMG
133,7808,HMG
134,320400,HMG
135,1225785,HMG
136,54964,HMG
137,6403358,HMG
138,1217570,HMG
139,38206,HMG
140,3438,HMG
141,24200,HMG
142,204048,HMG
143,2555,HMG
144,51198,HMG
145,0,HMG
146,829776,HMG
147,0,HMG
148,601088,HMG
149,0,HMG
150,10140,HMG
151,96,HMG
152,0,HMG
153,0,HMG
154,755191,HMG
155,92160,HMG
156,6150,HMG
157,5964,HMG
158,2245470,HMG
159,0,HMG
160,4127892,HMG
161,23920,HMG
162,86560,HMG
163,7700,HMG
164,1215872,HMG
165,0,HMG
166,282295,HMG
167,24,HMG
168,0,HMG
169,60416,HMG
170,49995,HMG
171,0,HMG
172,5408,HMG
173,2436390,HMG
174,2849829,HMG
175,1395031,HMG
176,1060124,HMG
177,598,HMG
178,2300,HMG
179,628,HMG
180,567260,HMG
181,286286,HMG
182,585,HMG
183,255843,HMG
184,286104,HMG
185,14431600,HMG
186,70688,HMG
187,5046208,HMG
188,3228172,HMG
189,19342,HMG
190,41850,HMG
191,0,HMG
192,0,HMG
193,3240,HMG
194,68670,HMG
195,494340,HMG
196,1197613,HMG
197,41307,HMG
198,245548,HMG
199,2828,HMG
200,0,HMG
201,70658,HMG
202,4382,HMG
203,2894044,HMG
204,8681580,HMG
205,11310,HMG
206,672,HMG
207,106250,HMG
208,76608,HMG
209,926733,HMG
210,182248,HMG
211,9915,HMG
212,3708796,HMG
213,431664,HMG
214,51186,HMG
215,438621,HMG
216,2100045,HMG
217,286759,HMG
218,28182,HMG
219,1159,HMG
220,0,HMG
221,444,HMG
222,15540,HMG
223,0,HMG
224,18512,HMG
225,708985,HMG
226,3328,HMG
227,22491,HMG
228,87400,HMG
229,189745,HMG
230,0,HMG
231,0,HMG
232,0,HMG
233,3913794,HMG
234,211314,HMG
235,735600,HMG
236,133630,HMG
237,5415307,HMG
238,198521,HMG
239,0,HMG
240,48314,HMG
241,836,HMG
242,576,HMG
243,0,HMG
244,2314081,HMG
245,93132,HMG
246,20034,HMG
247,6840,HMG
248,18382,HMG
249,97550,HMG
250,0,HMG
251,0,HMG
252,0,HMG
253,252010,HMG
254,0,HMG
255,49128,HMG
256,4938,HMG
257,0,HMG
258,0,HMG
259,68472,HMG
260,2350989,HMG
261,1189741,HMG
262,975429,HMG
263,192276,HMG
264,0,HMG
265,0,HMG
266,2680,HMG
267,0,HMG
268,185380,HMG
269,32472,HMG
270,0,HMG
271,3526040,HMG
272,121485,HMG
273,432288,HMG
274,2542452,HMG
275,2296275,HMG
276,35112,HMG
277,725340,HMG
278,1510932,HMG
279,31248,HMG
280,0,HMG
281,4707300,HMG
282,625248,HMG
283,1445316,HMG
284,1171894,HMG
285,121400,HMG
286,0,HMG
287,0,HMG
288,2055167,HMG
289,110220,HMG
290,6804,HMG
291,147658,HMG
292,0,HMG
293,709128,HMG
294,100122,HMG
295,329355,HMG
296,275328,HMG
297,236940,HMG
298,11628,HMG
299,1599800,HMG
300,8288,HMG
301,3770,HMG
302,523050,HMG
303,1503650,HMG
304,61625,HMG
305,554689,HMG
306,6798,HMG
307,0,HMG
308,41032,HMG
309,15900,HMG
310,13328,HMG
311,10825,HMG
312,1088728,HMG
313,2772,HMG
314,510972,HMG
315,1827500,HMG
316,787752,HMG
317,42400,HMG
318,0,HMG
319,3144,HMG
320,311122,HMG
321,0,HMG
322,4406904,HMG
323,4480,HMG
324,1724,HMG
325,0,HMG
326,0,HMG
327,0,HMG
328,0,HMG
329,300941,HMG
330,69801,HMG
331,24127,HMG
332,0,HMG
333,28455,HMG
334,353592,HMG
335,0,HMG
336,0,HMG
337,35187,HMG
338,700536,HMG
339,247950,HMG
340,35245,HMG
341,620,HMG
342,355212,HMG
343,233604,HMG
344,3260943,HMG
345,0,HMG
346,0,HMG
347,1734,HMG
348,0,HMG
349,57512,HMG
350,190727,HMG
351,0,HMG
352,3927400,HMG
353,2202776,HMG
354,0,HMG
355,120,HMG
356,27063,HMG
357,2006803,HMG
358,4886,HMG
359,0,HMG
360,845325,HMG
361,2391680,HMG
362,137417,HMG
363,168572,HMG
364,0,HMG
365,0,HMG
366,0,HMG
367,0,HMG
368,321432,HMG
369,236128,HMG
370,1930173,HMG
371,208740,HMG
372,26152,HMG
373,331154,HMG
374,36,HMG
375,1606122,HMG
376,315016,HMG
377,0,HMG
378,95139,HMG
379,155502,HMG
380,17112,HMG
381,114514,HMG
382,45792,HMG
383,2718,HMG
384,31808,HMG
385,3135,HMG
386,5513325,HMG
387,65976,HMG
388,6204,HMG
389,49784,HMG
390,151830,HMG
391,23828,HMG
392,1954710,HMG
393,968490,HMG
394,6732,HMG
395,1566,HMG
396,900,HMG
397,1989420,HMG
398,67767,HMG
399,155415,HMG
400,34235,HMG
401,0,HMG
402,4726,HMG
403,1400680,HMG
404,11748,HMG
405,302379,HMG
406,162345,HMG
407,1696848,HMG
408,2507466,HMG
409,9940,HMG
410,229806,HMG
411,336036,HMG
412,402,HMG
413,597,HMG
414,1328150,HMG
415,23454,HMG
416,78925,HMG
417,0,HMG
418,235248,HMG
419,108075,HMG
420,4746,HMG
421,56,HMG
422,152640,HMG
423,0,HMG
424,21,HMG
425,930732,HMG
426,0,HMG
427,240120,HMG
428,675,HMG
429,0,HMG
430,653350,HMG
431,0,HMG
432,67562,HMG
433,3291912,HMG
434,81443,HMG
435,664699,HMG
436,166108,HMG
437,42,HMG
438,690729,HMG
439,0,HMG
440,405702,HMG
441,10270,HMG
442,336,HMG
443,150864,HMG
444,2778,HMG
445,31530,HMG
446,9747,HMG
447,132544,HMG
448,4931854,HMG
449,163195,HMG
450,112860,HMG
451,120537,HMG
452,7720,HMG
453,0,HMG
454,46376,HMG
455,1211695,HMG
456,57494,HMG
457,352,HMG
458,342,HMG
459,553989,HMG
460,119434,HMG
461,1819800,HMG
462,5858136,HMG
463,0,HMG
464,0,HMG
465,0,HMG
466,681912,HMG
467,0,HMG
468,11460,HMG
469,11341,HMG
470,416130,HMG
471,2506548,HMG
472,19200,HMG
473,0,HMG
474,1814,HMG
475,1636194,HMG
476,128938,HMG
477,591129,HMG
478,27430,HMG
479,761484,HMG
480,31681,HMG
481,0,HMG
482,28677,HMG
483,447688,HMG
484,64809,HMG
485,13240,HMG
486,0,HMG
487,279972,HMG
488,1045136,HMG
489,12276,HMG
490,945,HMG
491,455,HMG
492,1609520,HMG
493,387600,HMG
494,838971,HMG
495,109956,HMG
496,588693,HMG
497,1729301,HMG
498,0,HMG
499,134717,HMG
500,14580,HMG
501,2059180,HMG
502,0,HMG
503,20655,HMG
504,585156,HMG
505,24080,HMG
506,60736,HMG
507,60840,HMG
508,10,HMG
509,789796,HMG
510,508356,HMG
511,1020527,HMG
512,366860,HMG
513,0,HMG
514,21900,HMG
515,17856,HMG
516,1403268,HMG
517,13566,HMG
518,1072741,HMG
519,691869,HMG
520,427392,HMG
521,978432,HMG
522,0,HMG
523,108171,HMG
524,0,HMG
525,422472,HMG
526,283296,HMG
527,5540172,HMG
528,36,HMG
529,813313,HMG
530,2163875,HMG
531,0,HMG
532,6966,HMG
533,70821,HMG
534,7478804,HMG
535,0,HMG
536,235972,HMG
537,222860,HMG
538,63932,HMG
539,10217,HMG
540,14724,HMG
541,48974,HMG
542,149175,HMG
543,14556,HMG
544,3464,HMG
545,24,HMG
546,1706008,HMG
547,21903,HMG
548,2595476,HMG
549,2870229,HMG
550,0,HMG
551,1176786,HMG
552,657,HMG
553,2125496,HMG
554,0,HMG
555,254672,HMG
556,4184,HMG
557,43719,HMG
558,522,HMG
559,303880,HMG
560,31892,HMG
561,10672,HMG
562,1730,HMG
563,3736,HMG
564,0,HMG
565,628650,HMG
566,589040,HMG
567,855539,HMG
568,465345,HMG
569,1256,HMG
570,113828,HMG
571,407664,HMG
572,19669,HMG
573,4024,HMG
574,15990,HMG
575,926898,HMG
576,185628,HMG
577,201716,HMG
578,652190,HMG
579,49536,HMG
580,127677,HMG
581,1256996,HMG
582,211090,HMG
583,3768,HMG
584,316520,HMG
585,408,HMG
586,0,HMG
587,0,HMG
588,362362,HMG
589,0,HMG
590,314,HMG
591,196236,HMG
592,0,HMG
593,2903724,HMG
594,0,HMG
595,0,HMG
596,948918,HMG
597,19070,HMG
598,537474,HMG
599,282200,HMG
600,545400,HMG
601,1455240,HMG
602,2733,HMG
603,317547,HMG
604,1495936,HMG
605,13616,HMG
606,545061,HMG
607,285720,HMG
608,568022,HMG
609,492768,HMG
610,186,HMG
611,13816,HMG
612,265512,HMG
613,8932,HMG
614,20163,HMG
615,99372,HMG
616,126279,HMG
617,0,HMG
618,15288,HMG
619,430304,HMG
620,0,HMG
621,62160,HMG
622,973350,HMG
623,8058,HMG
624,9410,HMG
625,1972,HMG
626,107692,HMG
627,814278,HMG
628,10348,HMG
629,3194886,HMG
630,569520,HMG
631,84429,HMG
632,66420,HMG
633,379872,HMG
634,0,HMG
635,0,HMG
636,72270,HMG
637,0,HMG
638,318668,HMG
639,85440,HMG
640,1771858,HMG
641,114576,HMG
642,12506836,HMG
643,1903986,HMG
644,126684,HMG
645,0,HMG
646,2079360,HMG
647,36399,HMG
648,913880,HMG
649,54990,HMG
650,3282,HMG
651,48204,HMG
652,144358,HMG
653,104058,HMG
654,652742,HMG
655,1090,HMG
656,0,HMG
657,643685,HMG
658,2268,HMG
659,0,HMG
660,2440,HMG
661,24084,HMG
662,40736,HMG
663,33490,HMG
664,7932,HMG
665,0,HMG
666,2064504,HMG
667,4826133,HMG
668,1147410,HMG
669,564563,HMG
670,886240,HMG
671,1672000,HMG
672,112500,HMG
673,17576,HMG
674,3752,HMG
675,0,HMG
676,627152,HMG
677,236,HMG
678,766140,HMG
679,116416,HMG
680,638755,HMG
681,0,HMG
682,37664,HMG
683,0,HMG
684,483,HMG
685,189360,HMG
686,0,HMG
687,75492,HMG
688,1218402,HMG
689,30044,HMG
690,0,HMG
691,67890,HMG
692,2148,HMG
693,22506,HMG
694,24591,HMG
695,601276,HMG
696,0,HMG
697,108,HMG
698,204126,HMG
699,15281,HMG
700,199492,HMG
701,45952,HMG
702,1611,HMG
703,0,HMG
704,162378,HMG
705,337440,HMG
706,2884,HMG
707,694664,HMG
708,40378,HMG
709,1805880,HMG
710,302956,HMG
711,50416,HMG
712,2989764,HMG
713,696,HMG
714,1626800,HMG
715,231168,HMG
716,3534,HMG
717,270900,HMG
718,130074,HMG
719,61467,HMG
720,568616,HMG
721,394935,HMG
722,2801315,HMG
723,0,HMG
724,0,HMG
725,2985920,HMG
726,9670,HMG
727,143650,HMG
728,8484,HMG
729,16055,HMG
730,4484832,HMG
731,1113505,HMG
732,58242,HMG
733,4641821,HMG
734,3582,HMG
735,0,HMG
736,0,HMG
737,109872,HMG
738,49588,HMG
739,21566,HMG
740,0,HMG
741,109890,HMG
742,506184,HMG
743,536284,HMG
744,777,HMG
745,608730,HMG
746,325325,HMG
747,12120,HMG
748,111451,HMG
749,590208,HMG
750,5450,HMG
751,194327,HMG
752,0,HMG
753,6780894,HMG
754,730,HMG
755,13120,HMG
756,265056,HMG
757,2209116,HMG
758,37530,HMG
759,1797828,HMG
760,240656,HMG
761,2741505,HMG
762,174,HMG
763,0,HMG
764,173349,HMG
765,1288500,HMG
766,0,HMG
767,0,HMG
768,735,HMG
769,4672,HMG
770,565957,HMG
771,14076,HMG
772,128092,HMG
773,20640,HMG
774,30576,HMG
775,1606020,HMG
776,18700,HMG
777,94010,HMG
778,1692,HMG
779,17680974,HMG
780,200556,HMG
781,102049,HMG
782,310012,HMG
783,0,HMG
784,7371,HMG
785,0,HMG
786,6980,HMG
787,5776,HMG
788,10320,HMG
789,232050,HMG
790,0,HMG
791,503833,HMG
792,6760654,HMG
793,674082,HMG
794,809867,HMG
795,39984,HMG
796,713754,HMG
797,4740,HMG
798,297264,HMG
799,11585,HMG
800,383980,HMG
801,352041,HMG
802,16575,HMG
803,940992,HMG
804,25620,HMG
805,328542,HMG
806,115385,HMG
807,58797,HMG
808,771968,HMG
809,183519,HMG
810,12512,HMG
811,464288,HMG
812,1934040,HMG
813,0,HMG
814,957678,HMG
815,1010,HMG
816,0,HMG
817,346288,HMG
818,28980,HMG
819,544086,HMG
820,560168,HMG
821,0,HMG
822,1319644,HMG
823,27852,HMG
824,1231954,HMG
825,2786,HMG
826,393750,HMG
827,0,HMG
828,0,HMG
829,0,HMG
830,7392,HMG
831,4374,HMG
832,210781,HMG
833,69254,HMG
834,8108214,HMG
835,17501,HMG
836,611550,HMG
837,11367,HMG
838,33720,HMG
839,112420,HMG
840,2180,HMG
841,7632240,HMG
842,263125,HMG
843,6391,HMG
844,0,HMG
845,407911,HMG
846,0,HMG
847,957474,HMG
848,25056,HMG
849,3396,HMG
850,1754484,HMG
851,73280,HMG
852,2610,HMG
853,41888,HMG
854,84630,HMG
855,19175,HMG
856,2577423215,HMG
857,5315992,HMG
858,26364,HMG
859,4417854,HMG
860,91350,HMG
861,61574,HMG
862,10675,HMG
863,0,HMG
864,662879,HMG
865,24393,HMG
866,53278,HMG
867,1095,HMG
868,126000,HMG
869,73778,HMG
870,885740,HMG
871,64044,HMG
872,0,HMG
873,33726,HMG
874,62,HMG
875,1275,HMG
876,0,HMG
877,2422,HMG
878,431246,HMG
879,302952,HMG
880,0,HMG
881,437955,HMG
882,822126,HMG
883,2642608,HMG
884,698930,HMG
885,3735960,HMG
886,251940,HMG
887,52,HMG
888,8346,HMG
889,2121,HMG
890,1388,HMG
891,56080,HMG
892,190782,HMG
893,31458,HMG
894,0,HMG
895,2054,HMG
896,85896,HMG
897,49686,HMG
898,0,HMG
899,37233,HMG
900,255420,HMG
901,626854,HMG
902,1050,HMG
903,143775,HMG
904,482850,HMG
905,9120,HMG
906,40392,HMG
907,3804,HMG
908,0,HMG
909,0,HMG
910,135356,HMG
911,3254735,HMG
912,2192,HMG
913,22480,HMG
914,3065918,HMG
915,2253030,HMG
916,34510,HMG
917,187565,HMG
918,8230,HMG
919,114072,HMG
920,0,HMG
921,20664,HMG
922,878084,HMG
923,4145,HMG
924,0,HMG
925,7218,HMG
926,4952,HMG
927,0,HMG
928,179384,HMG
929,204880,HMG
930,2310750,HMG
931,26503,HMG
932,86894,HMG
933,0,HMG
934,10740,HMG
935,43038,HMG
936,803040,HMG
937,450728,HMG
938,1202124,HMG
939,399135,HMG
940,36424,HMG
941,0,HMG
942,227306,HMG
943,52954,HMG
944,253734,HMG
945,13101,HMG
946,2164,HMG
947,0,HMG
948,84619,HMG
949,257184,HMG
950,0,HMG
951,2384,HMG
952,298506,HMG
953,2946,HMG
954,50663,HMG
955,1639800,HMG
956,136860,HMG
957,0,HMG
958,0,HMG
959,0,HMG
960,185328,HMG
961,1332851,HMG
962,131560,HMG
963,47410,HMG
964,2072,HMG
965,0,HMG
966,69084,HMG
967,67752,HMG
968,0,HMG
969,375,HMG
970,544148,HMG
971,0,HMG
972,232872,HMG
973,937552,HMG
974,239798,HMG
975,9435,HMG
976,0,HMG
977,174150,HMG
978,0,HMG
979,2331560,HMG
980,0,HMG
981,147920,HMG
982,14304,HMG
983,62202,HMG
984,52704,HMG
985,534225,HMG
986,3948341,HMG
987,986173,HMG
988,0,HMG
989,0,HMG
990,323466,HMG
991,7722,HMG
992,3065168,HMG
993,4887,HMG
994,2535,HMG
995,0,HMG
996,1870,HMG
997,84882,HMG
998,517300,HMG
999,330966,HMG
1000,208012,HMG
1001,228222,HMG
1002,0,HMG
1003,9204,HMG
1004,22304,HMG
1005,0,HMG
1006,41415,HMG
1007,0,HMG
1008,864864,HMG
1009,742357,HMG
1010,48180,HMG
1011,4096,HMG
1012,300111,HMG
1013,0,HMG
1014,227130,HMG
1015,0,HMG
1016,1287263,HMG
1017,0,HMG
1018,0,HMG
1019,0,HMG
1020,3333724,HMG
1021,290,HMG
1022,2057408,HMG
1023,0,HMG
1024,17833,HMG
1025,1821390,HMG
1026,27227,HMG
1027,60480,HMG
1028,0,HMG
1029,1268400,HMG
1030,376712,HMG
1031,523190,HMG
1032,1650,HMG
1033,0,HMG
1034,278,HMG
1035,17172,HMG
1036,54,HMG
1037,66493,HMG
1038,6560,HMG
1039,722733,HMG
1040,15810,HMG
1041,124800,HMG
1042,616,HMG
1043,25248,HMG
1044,0,HMG
1045,370440,HMG
1046,0,HMG
1047,228,HMG
1048,33174,HMG
1049,0,HMG
1050,192933,HMG
1051,280896,HMG
1052,0,HMG
1053,39422,HMG
1054,195840,HMG
1055,1368,HMG
1056,144,HMG
1057,73352,HMG
1058,13684,HMG
1059,0,HMG
1060,7856,HMG
1061,2397,HMG
1062,113208,HMG
1063,163048,HMG
1064,702960,HMG
1065,154926,HMG
1066,971054,HMG
1067,88608,HMG
1068,437,HMG
1069,0,HMG
1070,3655,HMG
1071,246745,HMG
1072,186318,HMG
1073,5724,HMG
1074,16340,HMG
1075,0,HMG
1076,0,HMG
1077,0,HMG
1078,422,HMG
1079,1267091,HMG
1080,6778212,HMG
1081,20070,HMG
1082,33,HMG
1083,59256,HMG
1084,134334,HMG
1085,2500054,HMG
1086,22736,HMG
1087,0,HMG
1088,140112,HMG
1089,72369,HMG
1090,6705,HMG
1091,5820,HMG
1092,0,HMG
1093,6992,HMG
1094,40940,HMG
1095,1812,HMG
1096,84488,HMG
1097,5151,HMG
1098,36801,HMG
1099,0,HMG
1100,0,HMG
1101,772200,HMG
1102,0,HMG
1103,568744,HMG
1104,5994,HMG
1105,0,HMG
1106,194712,HMG
1107,91200,HMG
1108,186,HMG
1109,15080,HMG
1110,0,HMG
1111,0,HMG
1112,3808,HMG
1113,3478835,HMG
1114,2023,HMG
1115,0,HMG
1116,0,HMG
1117,0,HMG
1118,2583,HMG
1119,395241,HMG
1120,0,HMG
1121,851884,HMG
1122,3430,HMG
1123,0,HMG
1124,0,HMG
1125,88110,HMG
1126,0,HMG
1127,0,HMG
1128,642681,HMG
1129,36766,HMG
1130,2065,HMG
1131,4170,HMG
1132,14176,HMG
1133,25671,HMG
1134,15097,HMG
1135,523556,HMG
1136,4746,HMG
1137,34481,HMG
1138,0,HMG
1139,85396,HMG
1140,113273,HMG
1141,9846,HMG
1142,0,HMG
1143,17600,HMG
1144,63,HMG
1145,402500,HMG
1146,233310,HMG
1147,316103,HMG
1148,4785992,HMG
1149,2007,HMG
1150,41510,HMG
1151,99792,HMG
1152,0,HMG
1153,0,HMG
1154,1743,HMG
1155,54675,HMG
1156,113022,HMG
1157,822,HMG
1158,9504,HMG
1159,266090,HMG
1160,386,HMG
1161,0,HMG
1162,5025,HMG
1163,768,HMG
1164,0,HMG
1165,50083,HMG
1166,0,HMG
1167,151200,HMG
1168,14322,HMG
1169,497350,HMG
1170,0,HMG
1171,76,HMG
1172,20852,HMG
1173,0,HMG
1174,0,HMG
1175,2678,HMG
1176,0,HMG
1177,22960,HMG
1178,9538,HMG
1179,58740,HMG
1180,16848,HMG
1181,0,HMG
1182,174372,HMG
1183,378028,HMG
1184,236824,HMG
1185,0,HMG
1186,780,HMG
1187,162624,HMG
1188,0,HMG
1189,16235,HMG
1190,0,HMG
1191,0,HMG
1192,6020,HMG
1193,24864,HMG
1194,63,HMG
1195,1785,HMG
1196,0,HMG
1197,0,HMG
1198,26499,HMG
1199,636,HMG
1200,0,HMG
1201,140666,HMG
1202,1504,HMG
1203,93526,HMG
1204,2336,HMG
1205,720825,HMG
1206,183136,HMG
1207,0,HMG
1208,19848,HMG
1209,216,HMG
1210,678,HMG
1211,6578,HMG
1212,0,HMG
1213,0,HMG
1214,0,HMG
1215,1938,HMG
1216,23904,HMG
1217,0,HMG
1218,3380,HMG
